-- MySQL dump 10.13  Distrib 8.0.23, for Win64 (x86_64)
--
-- Host: localhost    Database: quanlycongviec
-- ------------------------------------------------------
-- Server version	8.0.23

/*!40101 SET @OLD_CHARACTER_SET_CLIENT=@@CHARACTER_SET_CLIENT */;
/*!40101 SET @OLD_CHARACTER_SET_RESULTS=@@CHARACTER_SET_RESULTS */;
/*!40101 SET @OLD_COLLATION_CONNECTION=@@COLLATION_CONNECTION */;
/*!50503 SET NAMES utf8 */;
/*!40103 SET @OLD_TIME_ZONE=@@TIME_ZONE */;
/*!40103 SET TIME_ZONE='+00:00' */;
/*!40014 SET @OLD_UNIQUE_CHECKS=@@UNIQUE_CHECKS, UNIQUE_CHECKS=0 */;
/*!40014 SET @OLD_FOREIGN_KEY_CHECKS=@@FOREIGN_KEY_CHECKS, FOREIGN_KEY_CHECKS=0 */;
/*!40101 SET @OLD_SQL_MODE=@@SQL_MODE, SQL_MODE='NO_AUTO_VALUE_ON_ZERO' */;
/*!40111 SET @OLD_SQL_NOTES=@@SQL_NOTES, SQL_NOTES=0 */;

--
-- Table structure for table `accounts`
--

DROP TABLE IF EXISTS `accounts`;
/*!40101 SET @saved_cs_client     = @@character_set_client */;
/*!50503 SET character_set_client = utf8mb4 */;
CREATE TABLE `accounts` (
  `username` varchar(50) NOT NULL,
  `password` varchar(255) NOT NULL,
  `email` varchar(100) NOT NULL,
  PRIMARY KEY (`email`,`username`)
) ENGINE=InnoDB DEFAULT CHARSET=utf8;
/*!40101 SET character_set_client = @saved_cs_client */;

--
-- Dumping data for table `accounts`
--

LOCK TABLES `accounts` WRITE;
/*!40000 ALTER TABLE `accounts` DISABLE KEYS */;
INSERT INTO `accounts` VALUES ('admin','12345678','admin@gmail.com'),('user4','12345678','nguyenthic@gmail.com'),('user2','12345678','nguyenvanauser1@gmail.com'),('user3','12345678','phamnhutoan03041998@gmail.com'),('user1','12345678','phamnhutoan030498@gmail.com'),('admin1','12345678','phamnhutoan0304@gmail.com'),('toan','12345678','toan@gmail.com');
/*!40000 ALTER TABLE `accounts` ENABLE KEYS */;
UNLOCK TABLES;

--
-- Table structure for table `binh_luan`
--

DROP TABLE IF EXISTS `binh_luan`;
/*!40101 SET @saved_cs_client     = @@character_set_client */;
/*!50503 SET character_set_client = utf8mb4 */;
CREATE TABLE `binh_luan` (
  `id_index` int NOT NULL AUTO_INCREMENT,
  `id_task` int NOT NULL,
  `email` varchar(100) CHARACTER SET utf8mb4 COLLATE utf8mb4_0900_ai_ci NOT NULL,
  `name` varchar(100) CHARACTER SET utf8mb4 COLLATE utf8mb4_0900_ai_ci NOT NULL,
  `date_cmt` datetime NOT NULL,
  `cmt` varchar(2000) CHARACTER SET utf8mb4 COLLATE utf8mb4_0900_ai_ci NOT NULL,
  PRIMARY KEY (`id_index`)
) ENGINE=InnoDB AUTO_INCREMENT=37 DEFAULT CHARSET=utf8;
/*!40101 SET character_set_client = @saved_cs_client */;

--
-- Dumping data for table `binh_luan`
--

LOCK TABLES `binh_luan` WRITE;
/*!40000 ALTER TABLE `binh_luan` DISABLE KEYS */;
INSERT INTO `binh_luan` VALUES (1,1,'phamnhutoan0304@gmail.com','Phạm Như Toàn','2021-04-21 15:53:02','téc cmt'),(2,1,'phamnhutoan0304@gmail.com','Phạm Như Toàn','2021-04-21 16:04:30','téc cmt'),(3,29,'phamnhutoan0304@gmail.com','Phạm Như Toàn','2021-04-27 20:38:15','sdfafsd'),(4,34,'phamnhutoan0304@gmail.com','Phạm Như Toàn','2021-04-28 08:43:22','hello Toàn'),(5,46,'phamnhutoan0304@gmail.com','Phạm Như Toàn','2021-04-28 12:48:36','hoàn thành'),(6,3,'phamnhutoan0304@gmail.com','Phạm Như Toàn','2021-04-28 13:02:15','lkk'),(7,29,'phamnhutoan0304@gmail.com','Phạm Như Toàn','2021-04-28 13:10:50','ok'),(8,54,'phamnhutoan0304@gmail.com','Phạm Như Toàn','2021-04-28 13:29:04','xong rồi nhé'),(9,94,'phamnhutoan@gmail.com','Toàn Phạm Như','2021-05-10 17:05:28','hello'),(10,100,'phamnhutoan@gmail.com','Toàn Phạm Như','2021-05-10 17:13:54','làm được tới phần này rồi'),(11,152,'toan@gmail.com','Toàn Phạm','2021-05-10 20:05:52','em đang test'),(12,166,'admin@gmail.com','Như Toàn','2021-05-11 10:09:00','e mới làm xong cái luồng'),(13,166,'admin@gmail.com','Như Toàn','2021-05-11 10:13:51','ok gáng vượt qua Toàn nhé'),(14,166,'phamnhutoan0304@gmail.com','Phạm Như Toàn','2021-05-11 10:15:50','Cố gắng lên Toàn'),(15,166,'phamnhutoan0304@gmail.com','Phạm Như Toàn','2021-05-11 10:16:00','từ từ cũng xong thôi'),(16,166,'admin@gmail.com','Như Toàn','2021-05-11 10:17:00','cám ơn Sếp Toàn'),(17,171,'tranvanb@gmail.com','Trần Văn B','2021-05-11 15:02:15','báo cáo tiến độ lần 1 cho sếp'),(18,174,'nguyenthic@gmail.com','Nguyễn Thị C','2021-05-11 16:11:53','chờ đánh giá'),(19,179,'tranvanb@gmail.com','Trần Văn B','2021-05-11 18:14:34','em xong rồi'),(20,176,'nguyenvana@gmail.com','Nguyễn Văn A','2021-05-11 18:20:53','làm xong'),(21,176,'nguyenvana@gmail.com','Nguyễn Văn A','2021-05-11 18:21:11','ok'),(22,188,'tranvanb@gmail.com','Trần Văn B','2021-05-12 05:53:50','em đã hoàn thành được hơn 1 nữa rồi ạ'),(23,188,'nguyenvana@gmail.com','Nguyễn Văn A','2021-05-12 05:54:20','tốt lắm'),(24,193,'tranvanb@gmail.com','Trần Văn B','2021-05-20 19:42:55','em đã làm được tới báo cáo tiến độ được 65%'),(25,196,'nguyenthic@gmail.com','Nguyễn Thị C','2021-05-20 19:53:23','em đã hái hoa thành công'),(26,198,'nguyenthic@gmail.com','Nguyễn Thị C','2021-05-20 19:53:53','em làm không nổi'),(27,201,'phamnhutoan03041998@gmail.com','Trần Văn B','2021-05-26 21:49:50','đã xong phần này'),(28,251,'phamnhutoan03041998@gmail.com','Trần Văn B','2021-05-30 07:42:27','em làm tới phần đánh giá rồi'),(29,251,'nguyenvanauser1@gmail.com','Nguyễn Văn A','2021-05-30 07:42:59','ok em'),(30,259,'phamnhutoan03041998@gmail.com','Trần Văn B','2021-05-30 08:34:36','em làm được tới mục báo cáo'),(31,259,'nguyenvanauser1@gmail.com','Nguyễn Văn A','2021-05-30 08:35:11','ok cố gắng thêm'),(32,268,'nguyenvanauser1@gmail.com','Nguyễn Văn A','2021-06-07 17:46:35','ádfasdf'),(33,278,'phamnhutoan03041998@gmail.com','Trần Văn B','2021-06-11 08:18:20','em làm được tới đây'),(34,278,'nguyenvanauser1@gmail.com','Nguyễn Văn A','2021-06-11 08:18:52','ok em'),(35,281,'phamnhutoan03041998@gmail.com','Trần Văn B','2021-06-11 08:38:29','em đã làm được phần bình luận'),(36,281,'nguyenvanauser1@gmail.com','Nguyễn Văn A','2021-06-11 08:38:57','được rồi cố gắng thêm');
/*!40000 ALTER TABLE `binh_luan` ENABLE KEYS */;
UNLOCK TABLES;

--
-- Table structure for table `cong_viec`
--

DROP TABLE IF EXISTS `cong_viec`;
/*!40101 SET @saved_cs_client     = @@character_set_client */;
/*!50503 SET character_set_client = utf8mb4 */;
CREATE TABLE `cong_viec` (
  `id` int NOT NULL AUTO_INCREMENT,
  `parent` int DEFAULT NULL,
  `owner` varchar(100) CHARACTER SET utf8mb4 COLLATE utf8mb4_0900_ai_ci DEFAULT NULL,
  `assigned` varchar(100) CHARACTER SET utf8mb4 COLLATE utf8mb4_0900_ai_ci DEFAULT NULL,
  `title` varchar(1000) CHARACTER SET utf8mb4 COLLATE utf8mb4_0900_ai_ci DEFAULT NULL,
  `description` varchar(2000) CHARACTER SET utf8mb4 COLLATE utf8mb4_0900_ai_ci DEFAULT NULL,
  `state` int DEFAULT '0',
  `priority` int DEFAULT '3',
  `kpi_time` int DEFAULT NULL,
  `kpi_quality` int DEFAULT NULL,
  `progression` int DEFAULT NULL,
  `completion` int DEFAULT '0',
  `ts` datetime DEFAULT NULL,
  `te` datetime DEFAULT NULL,
  `t_assigned` datetime DEFAULT NULL,
  `deadline` datetime NOT NULL,
  `type` int DEFAULT NULL,
  `problem` varchar(1000) DEFAULT NULL,
  `id_tree` int DEFAULT NULL,
  `t_create` datetime DEFAULT NULL,
  `level` int DEFAULT '0',
  `weight` float DEFAULT '0',
  `weight_normalized` float DEFAULT '0',
  `reviewer` varchar(45) CHARACTER SET utf8mb4 COLLATE utf8mb4_0900_ai_ci DEFAULT NULL,
  `t_duration` int DEFAULT '0',
  `child_depart` varchar(45) CHARACTER SET utf8mb4 COLLATE utf8mb4_0900_ai_ci DEFAULT NULL,
  `reject` int DEFAULT '0',
  `status_noti` int DEFAULT '0',
  PRIMARY KEY (`id`)
) ENGINE=InnoDB AUTO_INCREMENT=303 DEFAULT CHARSET=utf8;
/*!40101 SET character_set_client = @saved_cs_client */;

--
-- Dumping data for table `cong_viec`
--

LOCK TABLES `cong_viec` WRITE;
/*!40000 ALTER TABLE `cong_viec` DISABLE KEYS */;
INSERT INTO `cong_viec` VALUES (1,1,'phamnhutoan03041998@gmail.com','phamnhutoan@gmail.com','test demo 1','mo ta test demo 1 ',1,1,NULL,NULL,NULL,0,'2021-03-10 15:00:00','2021-04-10 15:00:00','2021-03-10 15:00:00','2021-04-10 15:00:00',1,NULL,1,NULL,1,0,0,'phamnhutoan0304@gmail.com',0,'PDX',0,0),(2,1,'phamnhutoan03041998@gmail.com','phamnhutoan@gmail.com','test demo 2','mo ta test demo 2',3,1,NULL,100,NULL,98,'2021-03-10 15:00:00','2021-05-10 14:23:48','2021-03-10 15:00:00','2021-04-10 15:00:00',0,NULL,1,NULL,1,0,0,'phamnhutoan0304@gmail.com',0,'PDX',0,0),(3,3,'phamnhutoan0304@gmail.com','phamnhutoan03041998@gmail.com','AAAAAAABBBB','chào bạn mới',1,1,0,100,0,0,'2021-04-27 20:37:46','2021-04-28 12:59:38','2021-04-09 15:00:00','2021-04-10 15:00:00',1,NULL,3,'2021-04-21 12:28:27',0,0,0,'phamnhutoan0304@gmail.com',0,'PDX',0,1),(4,4,'phamnhutoan0304@gmail.com','phamnhutoan03041998@gmail.com','AAAAAAABBBB','chào bạn mới',1,1,0,0,0,0,'2021-04-28 12:47:55',NULL,'2021-04-09 15:00:00','2021-04-10 15:00:00',1,NULL,4,'2021-04-21 12:59:42',0,0,0,'phamnhutoan0304@gmail.com',0,'PDX',1,1),(19,4,'phamnhutoan0304@gmail.com','phamnhutoan@gmail.com','test lan n','Cong viec test lan 112312312',0,3,0,0,0,0,NULL,NULL,'2021-04-09 15:00:00','2021-04-10 15:00:00',0,NULL,4,'2021-04-21 14:15:41',0,10,9.09091,'phamnhutoan0304gmail.com',0,'PDX',1,0),(22,4,'phamnhutoan0304@gmail.com','phamnhutoan@gmail.com','mnbvcxz','Cong viec test lan mnbvcxz',0,3,0,0,0,0,NULL,NULL,'2021-04-09 15:00:00','2021-04-10 15:00:00',0,NULL,4,'2021-04-21 14:22:23',0,0,0,'phamnhutoan0304gmail.com',0,'PDX',1,0),(29,3,'phamnhutoan0304@gmail.com','phamnhutoan0304@gmail.com','TASK3-960222-AAAAAAABBBB','chào bạn mới',1,1,0,100,0,0,'2021-04-27 20:37:46','2021-04-27 20:39:26','2021-04-09 15:00:00','2021-04-30 15:00:00',0,NULL,3,'2021-04-27 20:37:00',0,0,100,'phamnhutoan0304@gmail.com',24,'PDX',1,1),(33,33,'phamnhutoan0304@gmail.com',NULL,'test','sdfasdff',1,2,0,0,0,100,'2021-04-28 08:43:00',NULL,'2021-04-27 20:00:00','2021-04-30 20:00:00',1,NULL,33,'2021-04-27 20:39:59',0,0,0,'phamnhutoan0304@gmail.com',0,'PDX',1,0),(34,33,'phamnhutoan0304@gmail.com','phamnhutoan0304@gmail.com','TASK33-980991-test','sdfasdff',2,2,0,0,0,100,'2021-04-28 08:43:00',NULL,'2021-04-27 20:00:00','2021-04-30 20:00:00',0,NULL,33,'2021-04-27 20:40:19',0,100,100,'phamnhutoan0304@gmail.com',72,'PDX',1,1),(38,38,'phamnhutoan0304@gmail.com',NULL,'hello','làm được nhá',1,1,0,0,0,0,'2021-04-28 13:04:55',NULL,'2021-04-29 12:00:00','2021-04-30 12:00:00',1,NULL,38,'2021-04-28 12:42:11',0,0,0,'phamnhutoan0304@gmail.com',0,'PDX',1,0),(43,38,'phamnhutoan0304@gmail.com','phamnhutoan0304@gmail.com','làm được lần 1','có gắng hoàn thành',0,1,0,0,0,0,NULL,NULL,'2021-04-29 12:00:00','2021-04-30 12:00:00',0,NULL,38,'2021-04-28 12:44:46',0,100,38.3142,'phamnhutoan0304@gmail.com',48,'PDX',1,1),(44,38,'phamnhutoan0304@gmail.com',NULL,'làm được lần 2','có gắng hoàn thành',0,1,0,0,0,0,NULL,NULL,'2021-04-29 12:00:00','2021-04-30 12:00:00',0,NULL,38,'2021-04-28 12:44:54',0,100,38.3142,NULL,48,'',1,0),(45,38,'phamnhutoan0304@gmail.com','phamnhutoan0304@gmail.com','TASK38-056010-hello','làm được nhá',1,1,0,0,0,0,'2021-04-28 13:04:55',NULL,'2021-04-29 12:00:00','2021-04-30 12:00:00',0,NULL,38,'2021-04-28 12:45:35',0,61,23.3716,'phamnhutoan0304@gmail.com',48,'PDX',1,1),(46,4,'phamnhutoan0304@gmail.com','phamnhutoan0304@gmail.com','TASK4-680623-AAAAAAABBBB','chào bạn mới',2,1,0,0,0,0,'2021-04-28 12:47:55',NULL,'2021-04-09 15:00:00','2021-04-10 15:00:00',0,NULL,4,'2021-04-28 12:46:15',0,100,90.9091,'phamnhutoan0304@gmail.com',0,'PDX',1,1),(47,43,'phamnhutoan0304@gmail.com','phamnhutoan0304@gmail.com','TASK43-271726-làm được lần 2','có gắng hoàn thành',0,1,0,0,0,0,NULL,NULL,'2021-04-29 12:00:00','2021-04-30 12:00:00',0,NULL,38,'2021-04-28 12:47:04',0,100,100,'phamnhutoan0304@gmail.com',0,'PDX',1,1),(48,34,'phamnhutoan0304@gmail.com','phamnhutoan0304@gmail.com','TASK34-702679-TASK33-980991-test','sdfasdff',3,2,0,100,0,100,'2021-04-28 13:04:51','2021-04-28 13:07:16','2021-04-27 20:00:00','2021-04-30 20:00:00',0,NULL,33,'2021-04-28 12:49:05',0,100,100,'phamnhutoan0304@gmail.com',0,'PDX',1,1),(49,49,'phamnhutoan0304@gmail.com',NULL,'phần mềm quản lý công việc','thiết kế một trang web phân công công việc',1,1,0,0,0,67,'2021-04-28 13:27:59',NULL,'2021-04-29 13:00:00','2021-05-16 13:00:00',1,NULL,49,'2021-04-28 13:12:45',0,0,0,'phamnhutoan0304@gmail.com',0,'PDX',0,0),(50,50,'phamnhutoan0304@gmail.com',NULL,'test phần mềm','test các chức năng coi ổn không',1,1,0,0,0,0,'2021-04-29 09:28:15',NULL,'2021-05-06 13:00:00','2021-05-09 13:00:00',1,NULL,50,'2021-04-28 13:14:46',0,0,0,'phamnhutoan0304@gmail.com',0,'PDX',0,0),(51,51,'phamnhutoan0304@gmail.com',NULL,'chạy demo','chạy demo coi ổn áp không',0,1,0,0,0,0,NULL,NULL,'2021-05-10 13:00:00','2021-05-12 13:00:00',1,NULL,51,'2021-04-28 13:15:56',0,0,0,'phamnhutoan0304@gmail.com',0,'PDX',0,0),(52,49,'phamnhutoan0304@gmail.com','phamnhutoan0304@gmail.com','thiết kế database','thiết kế một trang web phân công công việc',1,3,0,0,0,67,'2021-04-28 13:28:02',NULL,'2021-04-29 13:00:00','2021-05-01 13:00:00',0,NULL,49,'2021-04-28 13:19:19',0,100,25,'phamnhutoan0304@gmail.com',48,'PDX',0,1),(53,49,'phamnhutoan0304@gmail.com','phamnhutoan0304@gmail.com','thiết kế giao diện','thiết kế một trang web phân công công việc',1,3,0,0,0,0,'2021-04-28 13:29:35',NULL,'2021-05-02 13:00:00','2021-05-04 13:00:00',0,NULL,49,'2021-04-28 13:20:07',0,100,25,'phamnhutoan0304@gmail.com',48,'PDX',0,1),(54,49,'phamnhutoan0304@gmail.com','phamnhutoan0304@gmail.com','thiết kế backend','thiết kế một trang web phân công công việc',3,2,0,100,0,100,'2021-04-28 13:27:59','2021-04-29 10:09:14','2021-05-01 13:00:00','2021-05-07 13:00:00',0,NULL,49,'2021-04-28 13:20:51',0,100,25,'phamnhutoan0304@gmail.com',0,'PDX',0,1),(55,49,'phamnhutoan0304@gmail.com','phamnhutoan0304@gmail.com','xây dựng frontend','thiết kế một trang web phân công công việc',2,1,0,0,0,100,'2021-04-28 13:29:42',NULL,'2021-05-07 13:00:00','2021-05-16 13:00:00',0,NULL,49,'2021-04-28 13:21:40',0,100,25,'phamnhutoan0304@gmail.com',0,'PDX',0,1),(56,52,'phamnhutoan0304@gmail.com','phamnhutoan0304@gmail.com','phân tích dữ liệu','thiết kế một trang web phân công công việc',2,3,0,0,0,100,'2021-04-28 13:28:02',NULL,'2021-04-30 13:00:00','2021-05-01 13:00:00',0,NULL,49,'2021-04-28 13:23:29',0,100,33.3333,'phamnhutoan0304@gmail.com',0,'PDX',0,1),(57,52,'phamnhutoan0304@gmail.com','phamnhutoan0304@gmail.com','tạo liên kết giữa các bảng','thiết kế một trang web phân công công việc',3,3,0,100,0,100,'2021-04-28 13:28:14','2021-04-29 11:56:11','2021-04-29 13:00:00','2021-05-01 13:00:00',0,NULL,49,'2021-04-28 13:23:49',0,100,33.3333,'phamnhutoan0304@gmail.com',0,'PDX',0,1),(58,52,'phamnhutoan0304@gmail.com','phamnhutoan0304@gmail.com','thêm thông tin cho bảng','thiết kế một trang web phân công công việc',2,2,0,0,0,0,'2021-04-28 13:29:38',NULL,'2021-04-29 13:00:00','2021-05-01 13:00:00',0,NULL,49,'2021-04-28 13:24:31',0,100,33.3333,'phamnhutoan0304@gmail.com',0,'PDX',0,1),(59,53,'phamnhutoan0304@gmail.com','phamnhutoan0304@gmail.com','design cho màn hình web','thiết kế một trang web phân công công việc',2,3,0,0,0,0,'2021-04-28 13:29:35',NULL,'2021-05-02 13:00:00','2021-05-04 13:00:00',0,NULL,49,'2021-04-28 13:25:02',0,100,100,'phamnhutoan0304@gmail.com',0,'PDX',0,1),(60,53,'phamnhutoan0304@gmail.com','phamnhutoan0304@gmail.com','desgin cho màn hình moblie','thiết kế một trang web phân công công việc',1,3,0,0,0,0,'2021-05-10 17:21:42',NULL,'2021-05-02 13:00:00','2021-05-04 13:00:00',0,NULL,49,'2021-04-28 13:25:21',0,0,0,'phamnhutoan0304@gmail.com',0,'PDX',1,1),(61,50,'phamnhutoan0304@gmail.com','phamnhutoan0304@gmail.com','test backend','test các chức năng coi ổn không',2,1,0,0,0,0,'2021-04-29 09:28:15',NULL,'2021-05-06 13:00:00','2021-05-09 13:00:00',0,NULL,50,'2021-04-28 13:25:48',0,100,100,'phamnhutoan0304@gmail.com',0,'PDX',0,1),(62,50,'phamnhutoan0304@gmail.com','phamnhutoan0304@gmail.com','test frontend','test các chức năng coi ổn không',0,1,0,0,0,0,NULL,NULL,'2021-05-06 13:00:00','2021-05-09 13:00:00',0,NULL,50,'2021-04-28 13:26:01',0,0,0,'phamnhutoan0304@gmail.com',0,'PDX',1,1),(63,50,'phamnhutoan0304@gmail.com','phamnhutoan0304@gmail.com','test design','test các chức năng coi ổn không',0,1,0,0,0,0,NULL,NULL,'2021-05-06 13:00:00','2021-05-09 13:00:00',0,NULL,50,'2021-04-28 13:26:16',0,0,0,'phamnhutoan0304@gmail.com',0,'PDX',1,1),(85,1,'phamnhutoan@gmail.com','phamnhutoan@gmail.com','TRFYGJUHGFDSFTFHUJI','Cong viec test lan QWRERTUIO;P\'Ơ;IUYTREWRTYUOI',1,3,0,0,0,0,'2021-05-10 15:00:13',NULL,'2021-04-09 15:00:00','2021-04-10 15:00:00',0,NULL,1,'2021-05-10 14:33:03',0,0,100,'phamnhutoan0304gmail.com',0,'PDX',1,0),(87,52,'phamnhutoan0304@gmail.com','phamnhutoan0304@gmail.com','TASK52-952887-thiết kế database','thiết kế một trang web phân công công việc',0,3,0,0,0,0,NULL,NULL,'2021-04-29 13:00:00','2021-05-01 13:00:00',0,NULL,49,'2021-05-10 14:35:29',0,0,0,'phamnhutoan0304@gmail.com',240,'PDX',1,1),(92,92,'phamnhutoan@gmail.com','phamnhutoan@gmail.com','mnbvcxz','Cong viec test dlan mnbvcxz',0,3,0,0,0,0,NULL,NULL,'2021-05-15 15:00:00','2021-04-10 15:00:00',2,NULL,92,'2021-05-10 14:40:59',0,0,0,'phamnhutoan@gmail.com',0,'PDX',1,0),(94,94,'phamnhutoan@gmail.com','phamnhutoan@gmail.com','mnbvcxz','Cong viec test dladsfsdn mnbvcxz',1,3,0,0,0,0,'2021-05-10 17:05:12',NULL,'2021-05-15 15:00:00','2021-04-10 15:00:00',1,NULL,94,'2021-05-10 14:42:01',0,0,0,'phamnhutoan@gmail.com',0,'PDX',0,0),(95,95,'phamnhutoan0304@gmail.com',NULL,'test tạo dự án','235324',0,1,0,0,0,0,NULL,NULL,'2021-05-10 14:00:00','2021-05-21 14:00:00',1,NULL,95,'2021-05-10 14:44:52',0,0,0,'phamnhutoan0304@gmail.com',0,'PDX',1,0),(99,99,'phamnhutoan@gmail.com','phamnhutoan0304@gmail.com','mnbvcxz','Thử luồng giao việc 1',1,3,0,0,0,0,'2021-05-10 17:22:14',NULL,'2021-05-15 15:00:00','2021-04-10 15:00:00',1,NULL,99,'2021-05-10 15:01:16',0,0,0,'phamnhutoan@gmail.com',0,'PDX',0,1),(100,100,'phamnhutoan0304@gmail.com','phamnhutoan@gmail.com','mnbvcxz','Thử luồng giao việc 1',1,3,0,0,0,83,'2021-05-10 17:12:20',NULL,'2021-05-15 15:00:00','2021-04-10 15:00:00',1,NULL,100,'2021-05-10 15:02:44',0,0,0,'phamnhutoan0304@gmail.com',0,'PDX',1,0),(101,101,'phamnhutoan@gmail.com',NULL,'dự án 1 (đã cập nhật)','thử luồng dự án',0,1,0,0,0,0,NULL,NULL,'2021-05-10 15:00:00','2021-05-29 15:00:00',1,NULL,101,'2021-05-10 15:07:18',0,0,0,'phamnhutoan@gmail.com',0,'PDX',0,0),(102,101,'phamnhutoan@gmail.com','phamnhutoan@gmail.com','thử dự án 1.1','thử luồng dự án1',0,1,0,0,0,0,NULL,NULL,'2021-05-10 15:00:00','2021-05-29 15:00:00',0,NULL,101,'2021-05-10 15:08:31',0,0,100,'phamnhutoan@gmail.com',0,'PDX',1,0),(103,103,'phamnhutoan0304@gmail.com',NULL,'dự án báo cáo 1','ádfffsd',0,1,0,0,0,0,NULL,NULL,'2021-05-10 15:00:00','2021-05-22 15:00:00',1,NULL,103,'2021-05-10 15:10:13',0,0,0,'phamnhutoan0304@gmail.com',0,'PDX',1,0),(104,104,'phamnhutoan@gmail.com',NULL,'dự án 2','32325',0,1,0,0,0,0,NULL,NULL,'2021-05-10 15:00:00','2021-05-29 15:00:00',1,NULL,104,'2021-05-10 15:28:33',0,0,0,'phamnhutoan@gmail.com',0,'PDX',0,0),(105,105,'phamnhutoan@gmail.com',NULL,'dự án 3','ádf',0,1,0,0,0,0,NULL,NULL,'2021-05-10 15:00:00','2021-06-05 15:00:00',1,NULL,105,'2021-05-10 15:28:57',0,0,0,'phamnhutoan@gmail.com',0,'PDX',0,0),(116,116,'phamnhutoan0304@gmail.com','phamnhutoan@gmail.com','mnbvcxz','Thử luồng giatro vưqeiệc 1',0,3,0,0,0,0,NULL,NULL,'2021-05-15 15:00:00','2021-04-10 15:00:00',2,NULL,116,'2021-05-10 16:11:18',0,0,0,'phamnhutoan0304@gmail.com',0,'PDX',1,0),(117,117,'phamnhutoan0304@gmail.com','phamnhutoan@gmail.com','mnbvcxz','Thử luồng giatro vưqeiệc 1',0,3,0,0,0,0,NULL,NULL,'2021-05-15 15:00:00','2021-04-10 15:00:00',2,NULL,117,'2021-05-10 16:12:03',0,0,0,'phamnhutoan0304@gmail.com',0,'PDX',1,0),(118,118,'phamnhutoan0304@gmail.com','phamnhutoan@gmail.com','mnbvcxz','Thử luồng gia678tro vưqeiệc 1',0,3,0,0,0,0,NULL,NULL,'2021-05-15 15:00:00','2021-04-10 15:00:00',2,NULL,118,'2021-05-10 16:12:49',0,0,0,'phamnhutoan0304@gmail.com',0,'PDX',1,0),(119,119,'phamnhutoan0304@gmail.com','phamnhutoan@gmail.com','mnbvcxz','Thử luồng gia678tro vưqeiệc 1',0,3,0,0,0,0,NULL,NULL,'2021-05-15 15:00:00','2021-04-10 15:00:00',2,NULL,119,'2021-05-10 16:13:48',0,0,0,'phamnhutoan0304@gmail.com',0,'PDX',1,0),(122,122,'phamnhutoan0304@gmail.com','phamnhutoan@gmail.com','mnbvcxz','Thử luồng gia678tro vưqeiệc 1',0,3,0,0,0,0,NULL,NULL,'2021-05-15 15:00:00','2021-04-10 15:00:00',2,NULL,122,'2021-05-10 16:14:46',0,0,0,'phamnhutoan0304@gmail.com',24,'PDX',1,0),(123,123,'phamnhutoan0304@gmail.com','phamnhutoan@gmail.com','mnbvcxz','Thử luồng gia678tro vưqeiệc 1',0,3,0,0,0,0,NULL,NULL,'2021-05-15 15:00:00','2021-04-10 15:00:00',2,NULL,123,'2021-05-10 16:14:53',0,0,0,'phamnhutoan0304@gmail.com',24,'PDX',1,0),(129,129,'phamnhutoan0304@gmail.com','phamnhutoan0304@gmail.com','mời bạn thử','d21314',0,1,0,0,0,0,NULL,NULL,'2021-05-10 16:00:00','2021-05-21 16:00:00',2,NULL,129,'2021-05-10 16:19:03',0,0,0,'phamnhutoan0304@gmail.com',24,'PDX',1,1),(130,130,'phamnhutoan0304@gmail.com','phamnhutoan0304@gmail.com','mời bạn thử','d21314',0,1,0,0,0,0,NULL,NULL,'2021-05-10 16:00:00','2021-05-21 16:00:00',2,NULL,130,'2021-05-10 16:19:08',0,0,0,'phamnhutoan0304@gmail.com',24,'PDX',1,1),(135,29,'phamnhutoan0304@gmail.com','phamnhutoan0304@gmail.com','TASK29-315011-TASK3-960222-AAAAAAABBBB','chào bạn mới',1,1,0,0,0,0,'2021-05-10 17:21:37',NULL,'2021-04-09 15:00:00','2021-04-30 15:00:00',0,NULL,3,'2021-05-10 16:26:22',0,0,100,'phamnhutoan0304@gmail.com',0,'PDX',1,1),(138,138,'phamnhutoan0304@gmail.com','phamnhutoan0304@gmail.com','mời bạn thử','d21314',0,1,0,0,0,0,NULL,NULL,'2021-05-10 16:00:00','2021-05-21 16:00:00',2,NULL,138,'2021-05-10 16:40:57',0,0,0,'phamnhutoan0304@gmail.com',24,'PDX',1,1),(139,139,'phamnhutoan0304@gmail.com','phamnhutoan0304@gmail.com','ádf','afd',0,1,0,0,0,0,NULL,NULL,'2021-05-10 16:00:00','2021-05-14 16:00:00',2,NULL,139,'2021-05-10 16:42:16',0,0,0,'phamnhutoan0304@gmail.com',24,'PDX',1,1),(142,103,'phamnhutoan0304@gmail.com','phamnhutoan0304@gmail.com','TASK103-471342-dự án báo cáo 1','ádfffsd',0,1,0,0,0,0,NULL,NULL,'2021-05-10 15:00:00','2021-05-22 15:00:00',0,NULL,103,'2021-05-10 17:04:11',0,0,100,'phamnhutoan0304@gmail.com',0,'PDX',1,1),(143,143,'phamnhutoan0304@gmail.com','phamnhutoan@gmail.com','ádf','Test quản lý công việc',0,1,0,0,0,0,NULL,NULL,'2021-05-10 16:00:00','2021-05-15 16:00:00',1,NULL,143,'2021-05-10 17:17:40',0,0,0,'phamnhutoan0304@gmail.com',24,'PDX',1,0),(144,144,'phamnhutoan0304@gmail.com','phamnhutoan@gmail.com','test quản lý công việc','Test quản lý công việc',0,1,0,0,0,0,NULL,NULL,'2021-05-10 16:00:00','2021-05-15 16:00:00',1,NULL,144,'2021-05-10 17:20:15',0,0,0,'phamnhutoan0304@gmail.com',24,'PDX',0,0),(145,145,'phamnhutoan0304@gmail.com',NULL,'thử luồng sử lý web quản lý công việc','abc',0,1,0,0,0,0,NULL,NULL,'2021-05-10 17:00:00','2021-05-20 17:00:00',1,NULL,145,'2021-05-10 17:24:33',0,0,0,'phamnhutoan0304@gmail.com',0,'PDX',1,0),(146,146,'phamnhutoan0304@gmail.com',NULL,'test4','ưt',1,1,0,0,0,0,'2021-05-10 20:05:40',NULL,'2021-05-10 17:00:00','2021-05-11 17:00:00',1,NULL,146,'2021-05-10 17:27:23',0,0,0,'phamnhutoan0304@gmail.com',0,'PDX',1,0),(147,147,'phamnhutoan@gmail.com',NULL,'tạo dự án 4','sd',0,1,0,0,0,0,NULL,NULL,'2021-05-10 17:00:00','2021-05-11 17:00:00',1,NULL,147,'2021-05-10 17:27:52',0,0,0,'phamnhutoan@gmail.com',0,'PDX',0,0),(148,148,'phamnhutoan0304@gmail.com',NULL,'test type','sd',0,1,0,0,0,0,NULL,NULL,'2021-05-10 17:00:00','2021-05-11 17:00:00',1,NULL,148,'2021-05-10 17:31:23',0,0,0,'phamnhutoan0304@gmail.com',0,'PDX',0,0),(149,149,'phamnhutoan@gmail.com',NULL,'téttttttttttttttttttttttttttttttttttttttttttttttttttttttttttttttttt','k téttttttttttttttttttttttttttttttt',0,2,0,0,0,0,NULL,NULL,'2021-05-10 17:00:00','2021-05-11 17:00:00',1,NULL,149,'2021-05-10 17:36:01',0,0,0,'phamnhutoan@gmail.com',0,'PDX',0,0),(150,150,'phamnhutoan0304@gmail.com','admin@gmail.com','test quản lý công việc','Test quản lý công việc',1,1,0,0,0,9,'2021-05-11 10:07:06',NULL,'2021-05-10 16:00:00','2021-05-15 16:00:00',1,NULL,150,'2021-05-10 18:00:38',0,0,0,'phamnhutoan0304@gmail.com',24,'PDX',0,1),(151,151,'admin@gmail.com',NULL,'bo may lam 1 lan thoi nha','mau 1 lan thoi nha may thang nhoc',0,1,0,0,0,0,NULL,NULL,'2021-05-10 18:00:00','2021-05-11 18:00:00',1,NULL,151,'2021-05-10 18:02:06',0,0,0,'admin@gmail.com',0,'',0,0),(152,146,'phamnhutoan0304@gmail.com','toan@gmail.com','test nguoi giao','ưt',1,1,0,0,0,0,'2021-05-10 20:05:40',NULL,'2021-05-10 17:00:00','2021-05-11 17:00:00',0,NULL,146,'2021-05-10 20:03:14',0,0,100,'phamnhutoan0304@gmail.com',24,'PDX',1,1),(153,150,'phamnhutoan0304@gmail.com','admin@gmail.com','TASK150-604256-test quản lý công việc','Test quản lý công việc',0,1,0,0,0,0,NULL,NULL,'2021-05-10 16:00:00','2021-05-15 16:00:00',0,NULL,150,'2021-05-10 21:01:24',0,0,0,'phamnhutoan0304@gmail.com',24,'BGD',1,1),(155,150,'phamnhutoan0304@gmail.com','admin@gmail.com','TASK150-191411-test quản lý công dfaviệc','Test quản lý công việc',0,1,0,0,0,0,NULL,NULL,'2021-05-10 16:00:00','2021-05-15 16:00:00',0,NULL,150,'2021-05-10 21:01:56',0,0,0,'phamnhutoan0304@gmail.com',24,'BGD',1,1),(156,150,'phamnhutoan0304@gmail.com','admin@gmail.com','tesst146357457','Test quản lý công việc',0,1,0,0,0,0,NULL,NULL,'2021-05-10 16:00:00','2021-05-15 16:00:00',0,NULL,150,'2021-05-10 21:07:29',0,0,0,'phamnhutoan0304@gmail.com',24,'BGD',1,1),(157,150,'phamnhutoan0304@gmail.com',NULL,'tesst146357457sh3','Test quản lý công việc',0,1,0,0,0,0,NULL,NULL,'2021-05-10 16:00:00','2021-05-15 16:00:00',0,NULL,150,'2021-05-10 21:07:34',0,0,0,NULL,24,'',1,0),(158,150,'phamnhutoan0304@gmail.com','admin@gmail.com','TASK150-117260-test quản lý công việc','Test quản lý công việc',0,1,0,0,0,0,NULL,NULL,'2021-05-10 16:00:00','2021-05-15 16:00:00',0,NULL,150,'2021-05-10 21:08:12',0,0,0,'phamnhutoan0304@gmail.com',24,'BGD',1,1),(159,150,'phamnhutoan0304@gmail.com','admin@gmail.com','TASK150-739395-test quản lý công việcdsaf','Test quản lý công việc',0,1,0,0,0,0,NULL,NULL,'2021-05-10 16:00:00','2021-05-15 16:00:00',0,NULL,150,'2021-05-10 21:19:57',0,0,0,'phamnhutoan0304@gmail.com',24,'BGD',1,1),(160,150,'phamnhutoan0304@gmail.com',NULL,'TASK150-739395-test quản lý công việcdsafsdaf','Test quản lý công việc',0,1,0,0,0,0,NULL,NULL,'2021-05-10 16:00:00','2021-05-15 16:00:00',0,NULL,150,'2021-05-10 21:20:01',0,100,17.6367,NULL,24,'',0,0),(161,150,'phamnhutoan0304@gmail.com','admin@gmail.com','TASK150-373977-test quản lý công việcdasf','Test quản lý công việc',0,1,0,0,0,0,NULL,NULL,'2021-05-10 16:00:00','2021-05-15 16:00:00',0,NULL,150,'2021-05-10 21:20:25',0,100,17.6367,'phamnhutoan0304@gmail.com',24,'BGD',0,1),(162,150,'phamnhutoan0304@gmail.com','admin@gmail.com','TASK150-595905-test quản lý công việcsadfasf','Test quản lý công việc',0,1,0,0,0,0,NULL,NULL,'2021-05-10 16:00:00','2021-05-15 16:00:00',0,NULL,150,'2021-05-10 21:20:55',0,100,17.6367,'phamnhutoan0304@gmail.com',0,'BGD',0,1),(163,150,'phamnhutoan0304@gmail.com','admin@gmail.com','TASK150-621573-test quản lý công việcasdf','Test quản lý công việc',0,1,0,0,0,0,NULL,NULL,'2021-05-10 16:00:00','2021-05-15 16:00:00',0,NULL,150,'2021-05-10 21:21:05',0,100,17.6367,'phamnhutoan0304@gmail.com',0,'BGD',0,1),(166,150,'phamnhutoan0304@gmail.com','admin@gmail.com','lần 1 (mới cập nhật)','Cố lên Toàn ơi',1,1,0,0,0,74,'2021-05-11 10:07:06',NULL,'2021-05-10 16:00:00','2021-05-15 16:00:00',0,NULL,150,'2021-05-11 10:04:07',0,67,11.8166,'phamnhutoan0304@gmail.com',0,'BGD',0,1),(168,150,'phamnhutoan0304@gmail.com','admin@gmail.com','Test quản lý công việc - lần 1','Test quản lý công việc',0,1,0,0,0,0,NULL,NULL,'2021-05-10 16:00:00','2021-05-15 16:00:00',0,NULL,150,'2021-05-11 10:05:36',0,100,17.6367,'phamnhutoan0304@gmail.com',0,'BGD',0,1),(169,169,'nguyenvana@gmail.com',NULL,'Tạo dự án demo - 1','test tạo dự án',0,1,0,0,0,0,'2021-05-11 15:01:30',NULL,'2021-05-11 14:00:00','2021-05-15 14:00:00',1,NULL,169,'2021-05-11 14:52:08',0,0,0,'nguyenvana@gmail.com',0,'PDX',1,0),(170,170,'nguyenvana@gmail.com',NULL,'Tạo dự án demo - 2','test tạo dự án 2',1,1,0,0,0,60,'2021-05-11 15:52:20',NULL,'2021-05-11 14:00:00','2021-05-23 14:00:00',1,'dgdfg',170,'2021-05-11 14:52:38',0,0,0,'nguyenvana@gmail.com',0,'PDX',1,0),(171,169,'nguyenvana@gmail.com','tranvanb@gmail.com','tạo công việc của dự án demo - 1 - congviec1','test tạo công việc',3,1,0,100,0,100,'2021-05-11 15:01:30','2021-05-11 18:13:05','2021-05-11 14:00:00','2021-05-13 14:00:00',0,'uyhij',169,'2021-05-11 14:56:10',0,50,20,'nguyenvana@gmail.com',0,'PDX',1,1),(172,169,'nguyenvana@gmail.com','tranvanb@gmail.com','Tạo công việc cho dự án demo - 1 - congviec2','test công việc',3,1,0,100,0,100,'2021-05-11 15:18:16','2021-05-11 15:18:56','2021-05-11 14:00:00','2021-05-15 14:00:00',0,NULL,169,'2021-05-11 14:58:50',0,100,40,'nguyenvana@gmail.com',0,'PDX',1,1),(173,170,'nguyenvana@gmail.com','nguyenvana@gmail.com','Tạo công việc của Tạo dự án demo - 2 - congviec1','test tạo công việc 2',3,1,0,100,0,89,'2021-05-11 15:52:20','2021-05-11 17:32:37','2021-05-11 14:00:00','2021-05-23 14:00:00',0,NULL,170,'2021-05-11 14:59:55',0,66,24.812,'nguyenvana@gmail.com',0,'PDX',1,1),(174,171,'tranvanb@gmail.com','nguyenthic@gmail.com','công việc con của cv1 thuộc da1','test tạo công việc con',3,1,0,100,0,100,'2021-05-11 16:02:10','2021-05-11 16:42:04','2021-05-11 14:00:00','2021-05-13 14:00:00',0,NULL,169,'2021-05-11 15:09:48',0,100,50,'nguyenvana@gmail.com',0,'PDX',1,1),(175,171,'tranvanb@gmail.com','tranvanb@gmail.com','giao công việc con 2 của cv1 thuộc da1','test tạo công việc',3,1,0,100,0,100,'2021-05-11 15:24:16','2021-05-11 15:55:29','2021-05-11 14:00:00','2021-05-12 14:00:00',0,NULL,169,'2021-05-11 15:17:14',0,100,50,'nguyenvana@gmail.com',0,'PDX',1,1),(176,173,'nguyenvana@gmail.com','nguyenvana@gmail.com','Tạo công việc 2 của Tạo dự án demo - 2 - congviec1','test tạo công việc 2',3,1,0,100,0,89,'2021-05-11 15:52:20','2021-05-11 16:16:18','2021-05-11 14:00:00','2021-05-23 14:00:00',0,NULL,170,'2021-05-11 15:48:00',0,52,100,'nguyenvana@gmail.com',0,'PDX',1,1),(177,169,'nguyenvana@gmail.com','nguyenvana@gmail.com','test danh gia','test danh gia',3,1,0,100,0,100,'2021-05-11 18:03:35','2021-05-11 18:12:20','2021-05-11 14:00:00','2021-05-15 14:00:00',0,'lam laji nhe',169,'2021-05-11 17:39:16',0,100,40,'nguyenvana@gmail.com',0,'PDX',1,1),(178,177,'nguyenvana@gmail.com','tranvanb@gmail.com','Thử đánh giá','test danh gia',3,1,0,100,0,100,'2021-05-11 18:10:52','2021-05-11 18:12:08','2021-05-11 14:00:00','2021-05-15 14:00:00',0,NULL,169,'2021-05-11 18:09:09',0,100,50,'nguyenvana@gmail.com',0,'PDX',1,1),(179,177,'nguyenvana@gmail.com','nguyenthic@gmail.com','Đanh giá 1','test danh gia',3,1,0,100,0,100,'2021-05-11 18:16:03','2021-05-11 18:17:01','2021-05-11 14:00:00','2021-05-15 14:00:00',0,'gdfg',169,'2021-05-11 18:13:53',0,100,50,'nguyenvana@gmail.com',0,'PDX',1,1),(180,170,'nguyenvana@gmail.com','tranvanb@gmail.com','1 . test','test tạo dự án 2',2,1,0,0,0,100,'2021-05-11 18:28:15',NULL,'2021-05-11 14:00:00','2021-05-23 14:00:00',0,NULL,170,'2021-05-11 18:26:33',0,100,37.594,'nguyenvana@gmail.com',0,'PDX',1,1),(181,180,'tranvanb@gmail.com','tranvanb@gmail.com','2 test','test tạo dự án 2',3,1,0,100,0,100,'2021-05-11 18:29:18','2021-05-11 18:41:39','2021-05-11 14:00:00','2021-05-23 14:00:00',0,'sdfgd',170,'2021-05-11 18:27:12',0,100,100,'nguyenvana@gmail.com',0,'PDX',1,1),(182,170,'nguyenvana@gmail.com','tranvanb@gmail.com','3 test','test tạo dự án 2',0,1,0,0,0,0,'2021-05-11 18:39:52',NULL,'2021-05-11 14:00:00','2021-05-23 14:00:00',0,NULL,170,'2021-05-11 18:34:46',0,100,37.594,'nguyenvana@gmail.com',0,'PDX',1,1),(183,183,'nguyenvana@gmail.com',NULL,'tạo dự án 1','tạo dự án',1,1,0,0,0,67,'2021-05-12 05:41:10',NULL,'2021-05-12 04:00:00','2021-05-13 04:00:00',1,NULL,183,'2021-05-12 04:17:50',0,0,0,'nguyenvana@gmail.com',0,'PDX',0,0),(184,183,'nguyenvana@gmail.com','tranvanb@gmail.com','TASK183-648346-tạo dự án 1','tạo dự án',2,1,0,0,0,100,'2021-05-12 05:41:49',NULL,'2021-05-12 04:00:00','2021-05-13 04:00:00',0,NULL,183,'2021-05-12 04:18:26',0,100,20,'nguyenvana@gmail.com',0,'PDX',0,1),(185,183,'nguyenvana@gmail.com','nguyenvana@gmail.com','TASK183-243107-tạo dự án 1','tạo dự án',2,1,0,0,0,71,'2021-05-12 05:41:10',NULL,'2021-05-12 04:00:00','2021-05-13 04:00:00',0,NULL,183,'2021-05-12 04:18:34',0,100,20,'nguyenvana@gmail.com',0,'PDX',0,1),(186,186,'nguyenvana@gmail.com',NULL,'tạo dự án 2','tạo dự án',0,1,0,0,0,0,NULL,NULL,'2021-05-12 04:00:00','2021-05-13 04:00:00',1,NULL,186,'2021-05-12 04:40:24',0,0,0,'nguyenvana@gmail.com',0,'PDX',0,0),(187,187,'nguyenvana@gmail.com',NULL,'tạo dự án 3','tạo dự án',0,1,0,0,0,0,NULL,NULL,'2021-05-12 04:00:00','2021-05-13 04:00:00',1,NULL,187,'2021-05-12 04:40:46',0,0,0,'nguyenvana@gmail.com',0,'PDX',0,0),(188,183,'nguyenvana@gmail.com','tranvanb@gmail.com','TASK183-503970-tạo dự án 1','tạo dự án',1,1,0,0,0,79,'2021-05-12 05:42:01',NULL,'2021-05-12 04:00:00','2021-05-13 04:00:00',0,NULL,183,'2021-05-12 04:46:42',0,100,20,'nguyenvana@gmail.com',0,'PDX',0,1),(189,183,'nguyenvana@gmail.com','tranvanb@gmail.com','1 công viec con - dự án 1','tao công việc con',1,1,0,0,0,84,'2021-05-12 05:42:14',NULL,'2021-05-12 04:00:00','2021-05-13 04:00:00',0,NULL,183,'2021-05-12 04:47:35',0,100,20,'nguyenvana@gmail.com',0,'PDX',0,1),(190,183,'nguyenvana@gmail.com','nguyenthic@gmail.com','2 tạo công việc con - dự án 1','tạo dự án',0,1,0,0,0,0,NULL,NULL,'2021-05-12 04:00:00','2021-05-13 04:00:00',0,NULL,183,'2021-05-12 04:48:26',0,100,20,'nguyenvana@gmail.com',0,'PDX',0,1),(191,185,'nguyenvana@gmail.com','tranvanb@gmail.com','công việc mới','tạo dự án',0,1,0,0,0,0,NULL,NULL,'2021-05-12 04:00:00','2021-05-13 04:00:00',0,NULL,183,'2021-05-12 06:15:12',0,100,100,'nguyenvana@gmail.com',0,'PDX',0,1),(192,192,'nguyenvana@gmail.com',NULL,'demo trước báo cáo','thực hiện các luồng trước báo cáo',2,3,0,0,0,100,'2021-05-20 19:42:26',NULL,'2021-05-20 19:00:00','2021-05-29 19:00:00',1,NULL,192,'2021-05-20 19:39:54',0,0,0,'nguyenvana@gmail.com',0,'PDX',0,0),(193,192,'nguyenvana@gmail.com','tranvanb@gmail.com','công việc con 1','thực hiện các luồng trước báo cáo',3,3,0,100,0,100,'2021-05-20 19:46:06','2021-05-20 19:46:28','2021-05-20 19:00:00','2021-05-21 19:00:00',0,'em làm chưa tốt ở chỗ này',192,'2021-05-20 19:41:23',0,100,100,'nguyenvana@gmail.com',96,'PDX',0,1),(194,194,'nguyenvana@gmail.com',NULL,'Dự án tạo công việc con','tạo công việc mới',1,2,0,0,0,81,'2021-05-20 19:53:04',NULL,'2021-05-20 19:00:00','2021-05-30 19:00:00',1,NULL,194,'2021-05-20 19:49:21',0,0,0,'nguyenvana@gmail.com',0,'PDX',0,0),(195,194,'nguyenvana@gmail.com','tranvanb@gmail.com','Hái hoa','hái hoa đào',1,2,0,0,0,62,'2021-05-20 19:53:32',NULL,'2021-05-20 19:00:00','2021-05-22 19:00:00',0,NULL,194,'2021-05-20 19:50:13',0,100,50,'nguyenvana@gmail.com',0,'PDX',0,1),(196,194,'nguyenvana@gmail.com','nguyenthic@gmail.com','bắt bướm','tạo công việc mới',2,2,0,0,0,100,'2021-05-20 19:53:04',NULL,'2021-05-20 19:00:00','2021-05-28 19:00:00',0,NULL,194,'2021-05-20 19:50:46',0,100,50,'nguyenvana@gmail.com',0,'PDX',0,1),(198,195,'tranvanb@gmail.com','nguyenthic@gmail.com','Hái hoa1','hái hoa đào',1,2,0,0,0,62,'2021-05-20 19:53:32',NULL,'2021-05-20 19:00:00','2021-05-22 19:00:00',0,NULL,194,'2021-05-20 19:52:22',0,100,100,'nguyenvana@gmail.com',0,'PDX',0,1),(199,1,'phamnhutoan@gmail.com','phamnhutoan@gmail.com','TRFYGJUHGFDSFTFHUJI','Cong viec test lan QWRERTUIO;P\'Ơ;IUYTREWRTYUOI',0,3,0,0,0,0,NULL,NULL,'2021-04-09 15:00:00','2021-04-10 15:00:00',0,NULL,1,'2021-05-24 21:45:39',0,10,100,'phamnhutoan0304gmail.com',0,'PHR',0,0),(200,200,'nguyenvanauser1@gmail.com',NULL,'test send mail','send',1,1,0,0,0,100,'2021-05-26 21:49:30',NULL,'2021-05-24 22:00:00','2021-05-25 22:00:00',1,NULL,200,'2021-05-24 22:01:43',0,0,0,'nguyenvanauser1@gmail.com',0,'',1,0),(201,200,'nguyenvanauser1@gmail.com','phamnhutoan03041998@gmail.com','TASK200-217920-test send mail','send',3,1,0,100,0,100,'2021-05-26 21:49:30','2021-05-26 21:50:51','2021-05-24 22:00:00','2021-05-25 22:00:00',0,NULL,200,'2021-05-25 08:23:05',0,100,100,'nguyenvanauser1@gmail.com',0,'PDX',1,1),(202,200,'nguyenvanauser1@gmail.com','phamnhutoan03041998@gmail.com','TASK200-023333-test send mail 123','send',0,1,0,0,0,0,NULL,NULL,'2021-05-24 22:00:00','2021-05-25 22:00:00',0,NULL,200,'2021-05-26 18:48:19',0,0,0,'nguyenvanauser1@gmail.com',0,'PDX',1,1),(203,200,'nguyenvanauser1@gmail.com','phamnhutoan03041998@gmail.com','TASK200-222045-test send mail lan 2','send',0,1,0,0,0,0,NULL,NULL,'2021-05-24 22:00:00','2021-05-25 22:00:00',0,NULL,200,'2021-05-26 18:49:12',0,0,0,'nguyenvanauser1@gmail.com',0,'PDX',1,1),(204,200,'nguyenvanauser1@gmail.com','phamnhutoan03041998@gmail.com','TASK200-826122-test send mail','send',0,1,0,0,0,0,NULL,NULL,'2021-05-25 22:00:00','2021-05-25 22:00:00',0,NULL,200,'2021-05-26 18:50:07',0,0,0,'nguyenthic@gmail.com',0,'PDX',1,1),(205,200,'nguyenvanauser1@gmail.com','phamnhutoan03041998@gmail.com','TASK200-209431-test send mail t','send đfs',0,1,0,0,0,0,NULL,NULL,'2021-05-24 22:00:00','2021-05-25 22:00:00',0,NULL,200,'2021-05-26 18:57:35',0,0,0,'nguyenvanauser1@gmail.com',24,'PDX',1,1),(206,200,'nguyenvanauser1@gmail.com','nguyenthic@gmail.com','TASK200-582137-test send mailvzsf','send',0,1,0,0,0,0,NULL,NULL,'2021-05-24 22:00:00','2021-05-25 22:00:00',0,NULL,200,'2021-05-26 18:58:52',0,0,0,'nguyenvanauser1@gmail.com',24,'PDX',1,1),(207,200,'nguyenvanauser1@gmail.com','nguyenthic@gmail.com','TASK200-970515-test send mail d','send s',0,1,0,0,0,0,NULL,NULL,'2021-05-24 22:00:00','2021-05-25 22:00:00',0,NULL,200,'2021-05-26 19:00:09',0,0,0,'nguyenvanauser1@gmail.com',0,'PDX',1,1),(208,208,'phamnhutoan03041998@gmail.com',NULL,'Test send email','Test send email 1',0,1,0,0,0,0,NULL,NULL,'2021-05-26 19:00:00','2021-05-31 19:00:00',1,NULL,208,'2021-05-26 19:05:34',0,0,0,'phamnhutoan03041998@gmail.com',0,'PDX',0,0),(209,208,'phamnhutoan03041998@gmail.com','phamnhutoan03041998@gmail.com','Giao task test','Test send email 1',0,1,0,0,0,0,NULL,NULL,'2021-05-26 19:00:00','2021-05-31 19:00:00',0,NULL,208,'2021-05-26 19:06:12',0,0,0,'phamnhutoan03041998@gmail.com',0,'PDX',1,1),(210,208,'phamnhutoan03041998@gmail.com','phamnhutoan03041998@gmail.com','Test 1','Test send email 1',0,1,0,0,0,0,NULL,NULL,'2021-05-26 19:00:00','2021-05-31 19:00:00',0,NULL,208,'2021-05-26 19:07:41',0,0,0,'phamnhutoan03041998@gmail.com',0,'PDX',1,1),(211,208,'phamnhutoan03041998@gmail.com','phamnhutoan03041998@gmail.com','test c','Test send email 1',0,1,0,0,0,0,NULL,NULL,'2021-05-26 19:00:00','2021-05-31 19:00:00',0,NULL,208,'2021-05-26 19:25:33',0,0,0,'phamnhutoan03041998@gmail.com',0,'PDX',1,1),(212,208,'phamnhutoan03041998@gmail.com','phamnhutoan03041998@gmail.com','cccccccccccccccccccccccccccccccccccc','Test send email 1',0,1,0,0,0,0,NULL,NULL,'2021-05-26 19:00:00','2021-05-31 19:00:00',0,NULL,208,'2021-05-26 19:27:26',0,0,0,'phamnhutoan03041998@gmail.com',0,'PDX',1,1),(213,208,'phamnhutoan03041998@gmail.com','phamnhutoan03041998@gmail.com','Client is good','Test send email 1',0,1,0,0,0,0,NULL,NULL,'2021-05-26 19:00:00','2021-05-31 19:00:00',0,NULL,208,'2021-05-26 19:34:22',0,0,0,'phamnhutoan03041998@gmail.com',0,'PDX',1,1),(214,208,'phamnhutoan03041998@gmail.com','phamnhutoan03041998@gmail.com','Client is good 1','Test send email 1',0,1,0,0,0,0,NULL,NULL,'2021-05-26 19:00:00','2021-05-31 19:00:00',0,NULL,208,'2021-05-26 19:37:27',0,0,0,'phamnhutoan03041998@gmail.com',0,'PDX',1,1),(215,208,'phamnhutoan03041998@gmail.com','phamnhutoan03041998@gmail.com','Python is GooDDDDDDDDDDDD','Test send email 1',0,1,0,0,0,0,NULL,NULL,'2021-05-26 19:00:00','2021-05-31 19:00:00',0,NULL,208,'2021-05-26 19:57:16',0,0,0,'phamnhutoan03041998@gmail.com',0,'PDX',1,1),(216,208,'phamnhutoan03041998@gmail.com','phamnhutoan03041998@gmail.com','Python is not Good','Test send email 1',0,1,0,0,0,0,NULL,NULL,'2021-05-26 19:00:00','2021-05-31 19:00:00',0,NULL,208,'2021-05-26 19:58:46',0,0,0,'phamnhutoan03041998@gmail.com',0,'PDX',1,1),(217,208,'phamnhutoan03041998@gmail.com','phamnhutoan03041998@gmail.com','nhoquhroqihrqwi','Test send email 1',0,1,0,0,0,0,NULL,NULL,'2021-05-26 19:00:00','2021-05-31 19:00:00',0,NULL,208,'2021-05-26 19:59:54',0,0,0,'phamnhutoan03041998@gmail.com',0,'PDX',1,1),(218,208,'phamnhutoan03041998@gmail.com','phamnhutoan03041998@gmail.com','test lan cuoi send mail','Test send email 1',0,1,0,0,0,0,NULL,NULL,'2021-05-26 19:00:00','2021-05-31 19:00:00',0,NULL,208,'2021-05-26 20:02:46',0,0,0,'phamnhutoan03041998@gmail.com',0,'PDX',1,1),(219,208,'phamnhutoan03041998@gmail.com','phamnhutoan03041998@gmail.com','Test lan cuoi 1','Test send email 1',0,1,0,0,0,0,NULL,NULL,'2021-05-26 19:00:00','2021-05-31 19:00:00',0,NULL,208,'2021-05-26 20:08:18',0,0,0,'phamnhutoan03041998@gmail.com',0,'PDX',1,1),(220,208,'phamnhutoan03041998@gmail.com','phamnhutoan03041998@gmail.com','Test lan cuoi 2','Test send email 1',0,1,0,0,0,0,NULL,NULL,'2021-05-26 19:00:00','2021-05-31 19:00:00',0,NULL,208,'2021-05-26 20:10:07',0,0,0,'phamnhutoan03041998@gmail.com',0,'PDX',1,1),(221,208,'phamnhutoan03041998@gmail.com','phamnhutoan03041998@gmail.com','Test lan cuoi 3','Test send email 1',0,1,0,0,0,0,NULL,NULL,'2021-05-26 19:00:00','2021-05-31 19:00:00',0,NULL,208,'2021-05-26 20:13:33',0,0,0,'phamnhutoan03041998@gmail.com',0,'PDX',1,1),(223,208,'phamnhutoan03041998@gmail.com','phamnhutoan03041998@gmail.com','Test lan cuoi 4','Test send email 1',0,1,0,0,0,0,NULL,NULL,'2021-05-26 19:00:00','2021-05-31 19:00:00',0,NULL,208,'2021-05-26 20:16:37',0,0,0,'phamnhutoan03041998@gmail.com',0,'PDX',1,1),(224,208,'phamnhutoan03041998@gmail.com','phamnhutoan03041998@gmail.com','Test lan cuoi final','Test send email 1',0,1,0,0,0,0,NULL,NULL,'2021-05-26 19:00:00','2021-05-31 19:00:00',0,NULL,208,'2021-05-26 20:17:48',0,0,0,'phamnhutoan03041998@gmail.com',0,'PDX',1,1),(225,208,'phamnhutoan03041998@gmail.com','phamnhutoan03041998@gmail.com','Test lan cuoi final 1','Test send email 1',0,1,0,0,0,0,NULL,NULL,'2021-05-26 19:00:00','2021-05-31 19:00:00',0,NULL,208,'2021-05-26 20:19:02',0,0,0,'phamnhutoan03041998@gmail.com',0,'PDX',1,1),(226,208,'phamnhutoan03041998@gmail.com','phamnhutoan03041998@gmail.com','Test send email final 3','Test send email 1',0,1,0,0,0,0,NULL,NULL,'2021-05-26 19:00:00','2021-05-31 19:00:00',0,NULL,208,'2021-05-26 20:20:47',0,0,0,'phamnhutoan03041998@gmail.com',0,'PDX',1,1),(227,208,'phamnhutoan03041998@gmail.com','phamnhutoan03041998@gmail.com','Test lan cuoi dau tien','Test send email 1',0,1,0,0,0,0,NULL,NULL,'2021-05-26 19:00:00','2021-05-31 19:00:00',0,NULL,208,'2021-05-26 20:21:53',0,0,0,'phamnhutoan03041998@gmail.com',0,'PDX',1,1),(228,208,'phamnhutoan03041998@gmail.com','phamnhutoan03041998@gmail.com','Test la cuoi lan 2','Test send email 1',0,1,0,0,0,0,NULL,NULL,'2021-05-26 19:00:00','2021-05-31 19:00:00',0,NULL,208,'2021-05-26 20:23:32',0,0,0,'phamnhutoan03041998@gmail.com',0,'PDX',1,1),(229,208,'phamnhutoan03041998@gmail.com','phamnhutoan03041998@gmail.com','Final','Test send email 1',0,1,0,0,0,0,NULL,NULL,'2021-05-26 19:00:00','2021-05-31 19:00:00',0,NULL,208,'2021-05-26 20:24:43',0,0,0,'phamnhutoan03041998@gmail.com',0,'PDX',1,1),(230,208,'phamnhutoan03041998@gmail.com','phamnhutoan03041998@gmail.com','q','Test send email 1',0,1,0,0,0,0,NULL,NULL,'2021-05-26 19:00:00','2021-05-31 19:00:00',0,NULL,208,'2021-05-26 20:26:30',0,0,0,'phamnhutoan03041998@gmail.com',0,'PDX',1,1),(231,208,'phamnhutoan03041998@gmail.com','phamnhutoan03041998@gmail.com','TASaS','Test send email 1',0,1,0,0,0,0,NULL,NULL,'2021-05-26 19:00:00','2021-05-31 19:00:00',0,NULL,208,'2021-05-26 20:30:15',0,0,0,'phamnhutoan03041998@gmail.com',0,'PDX',1,1),(232,208,'phamnhutoan03041998@gmail.com','phamnhutoan03041998@gmail.com','12EDWSA','Test send email 1',0,1,0,0,0,0,NULL,NULL,'2021-05-26 19:00:00','2021-05-31 19:00:00',0,NULL,208,'2021-05-26 20:33:08',0,0,0,'phamnhutoan03041998@gmail.com',0,'PDX',1,1),(233,208,'phamnhutoan03041998@gmail.com','phamnhutoan03041998@gmail.com','efejkfb','Test send email 1',0,1,0,0,0,0,NULL,NULL,'2021-05-26 19:00:00','2021-05-31 19:00:00',0,NULL,208,'2021-05-26 20:35:18',0,0,0,'phamnhutoan03041998@gmail.com',0,'PDX',1,1),(234,208,'phamnhutoan03041998@gmail.com','phamnhutoan03041998@gmail.com','test 32uirg13oiegrtuieqasljkdfa ,ermwkjcbkurabxeirbcgebifnukewbcr eru','Test send email 1',0,1,0,0,0,0,NULL,NULL,'2021-05-26 19:00:00','2021-05-31 19:00:00',0,NULL,208,'2021-05-26 20:41:00',0,0,0,'phamnhutoan03041998@gmail.com',0,'PDX',1,1),(235,208,'phamnhutoan03041998@gmail.com','phamnhutoan03041998@gmail.com','wqdjskankjsakjasmjdskm','Test send email 1',0,1,0,0,0,0,NULL,NULL,'2021-05-26 19:00:00','2021-05-31 19:00:00',0,NULL,208,'2021-05-26 20:50:31',0,0,0,'phamnhutoan03041998@gmail.com',0,'PDX',1,1),(236,208,'phamnhutoan03041998@gmail.com','phamnhutoan03041998@gmail.com','wsgidhlvknm','Test send email 1',0,1,0,0,0,0,NULL,NULL,'2021-05-26 19:00:00','2021-05-31 19:00:00',0,NULL,208,'2021-05-26 20:54:08',0,0,0,'phamnhutoan03041998@gmail.com',0,'PDX',1,1),(237,208,'phamnhutoan03041998@gmail.com','phamnhutoan03041998@gmail.com','lan 28','Test send email 1',0,1,0,0,0,0,NULL,NULL,'2021-05-26 19:00:00','2021-05-31 19:00:00',0,NULL,208,'2021-05-26 20:56:00',0,0,0,'phamnhutoan03041998@gmail.com',0,'PDX',1,1),(238,208,'phamnhutoan03041998@gmail.com','phamnhutoan03041998@gmail.com','lan 29','Test send email 1',0,1,0,0,0,0,NULL,NULL,'2021-05-26 19:00:00','2021-05-31 19:00:00',0,NULL,208,'2021-05-26 20:57:39',0,0,0,'phamnhutoan03041998@gmail.com',0,'PDX',1,1),(239,208,'phamnhutoan03041998@gmail.com','phamnhutoan03041998@gmail.com','tieng viet ho em voi','Test send email 1',0,1,0,0,0,0,NULL,NULL,'2021-05-26 19:00:00','2021-05-31 19:00:00',0,NULL,208,'2021-05-26 21:01:48',0,0,0,'phamnhutoan03041998@gmail.com',0,'PDX',1,1),(240,208,'phamnhutoan03041998@gmail.com','phamnhutoan03041998@gmail.com','finallllllllllllllllllllllllllllllllllllllllllllllllllllllllllllllllllllllllllllllllllllll','Test send email 1',0,1,0,0,0,0,NULL,NULL,'2021-05-26 19:00:00','2021-05-31 19:00:00',0,NULL,208,'2021-05-26 21:05:50',0,0,0,'phamnhutoan03041998@gmail.com',0,'PDX',1,1),(241,208,'phamnhutoan03041998@gmail.com','phamnhutoan03041998@gmail.com','vansdbiqkbgfowfhb','Test send email 1',0,1,0,0,0,0,NULL,NULL,'2021-05-26 19:00:00','2021-05-31 19:00:00',0,NULL,208,'2021-05-26 21:07:53',0,0,0,'phamnhutoan03041998@gmail.com',0,'PDX',1,1),(242,208,'phamnhutoan03041998@gmail.com','phamnhutoan03041998@gmail.com','toi la ai day la dau','Test send email 1',0,1,0,0,0,0,NULL,NULL,'2021-05-26 19:00:00','2021-05-31 19:00:00',0,NULL,208,'2021-05-26 21:10:15',0,0,0,'phamnhutoan03041998@gmail.com',0,'PDX',1,1),(243,208,'phamnhutoan03041998@gmail.com','phamnhutoan03041998@gmail.com','qwuroiqwruoirqw','Test send email 1',0,1,0,0,0,0,NULL,NULL,'2021-05-26 19:00:00','2021-05-31 19:00:00',0,NULL,208,'2021-05-26 21:10:35',0,0,100,'phamnhutoan03041998@gmail.com',0,'PDX',1,1),(244,200,'nguyenvanauser1@gmail.com','phamnhutoan03041998@gmail.com','gửi mail thành công','sen221d',0,1,0,0,0,0,NULL,NULL,'2021-05-24 22:00:00','2021-05-25 22:00:00',0,NULL,200,'2021-05-26 21:16:31',0,0,0,'nguyenvanauser1@gmail.com',0,'PDX',1,1),(245,200,'nguyenvanauser1@gmail.com','phamnhutoan03041998@gmail.com','công việc','send',0,1,0,0,0,0,NULL,NULL,'2021-05-24 22:00:00','2021-05-25 22:00:00',0,NULL,200,'2021-05-26 21:51:29',0,0,0,'nguyenvanauser1@gmail.com',0,'PDX',1,1),(246,200,'nguyenvanauser1@gmail.com','phamnhutoan03041998@gmail.com','test nha','send',0,1,0,0,0,0,NULL,NULL,'2021-05-24 22:00:00','2021-05-25 22:00:00',0,NULL,200,'2021-05-26 21:52:12',0,0,0,'nguyenvanauser1@gmail.com',0,'PDX',1,1),(247,247,'nguyenvanauser1@gmail.com',NULL,'demo giao việc test','thử tạo dự án',0,2,0,0,0,0,NULL,NULL,'2021-05-30 07:00:00','2021-06-03 07:00:00',1,NULL,247,'2021-05-30 07:26:21',0,0,0,'nguyenvanauser1@gmail.com',0,'PDX',1,0),(248,248,'nguyenvanauser1@gmail.com',NULL,'demo giao việc test','thử tạo dự án',0,2,0,0,0,0,NULL,NULL,'2021-05-30 07:00:00','2021-06-03 07:00:00',1,NULL,248,'2021-05-30 07:26:24',0,0,0,'nguyenvanauser1@gmail.com',0,'PDX',1,0),(249,249,'nguyenvanauser1@gmail.com',NULL,'test giao việc 1','test giao việc1',1,2,0,0,0,100,'2021-05-30 07:38:19',NULL,'2021-05-30 07:00:00','2021-06-10 07:00:00',1,NULL,249,'2021-05-30 07:28:42',0,0,0,'nguyenvanauser1@gmail.com',0,'PDX',0,0),(250,249,'nguyenvanauser1@gmail.com','nguyenvanauser1@gmail.com','giao việc 1','giao cho bản thân 1 công việc',1,2,0,0,0,50,'2021-05-30 08:01:41',NULL,'2021-05-30 07:00:00','2021-05-31 07:00:00',0,NULL,249,'2021-05-30 07:30:26',0,0,0,'nguyenvanauser1@gmail.com',24,'PDX',1,1),(251,249,'nguyenvanauser1@gmail.com','phamnhutoan03041998@gmail.com','TASK249-934569-test giao việc','test giao việc',3,3,0,100,0,100,'2021-05-30 07:42:05','2021-05-30 07:43:46','2021-05-30 07:00:00','2021-05-31 07:00:00',0,NULL,249,'2021-05-30 07:36:05',0,100,100,'nguyenvanauser1@gmail.com',24,'PDX',0,1),(252,250,'nguyenvanauser1@gmail.com','phamnhutoan03041998@gmail.com','giao việc con 2','giao cho bản thân 1 công việc',0,2,0,0,0,0,NULL,NULL,'2021-05-30 07:00:00','2021-05-31 07:00:00',0,NULL,249,'2021-05-30 07:48:19',0,0,100,'nguyenvanauser1@gmail.com',0,'PDX',1,1),(253,252,'phamnhutoan03041998@gmail.com','nguyenthic@gmail.com','giao viec con 3','giao cho bản thân 1 công việc',0,2,0,0,0,0,NULL,NULL,'2021-05-30 07:00:00','2021-05-31 07:00:00',0,NULL,249,'2021-05-30 07:49:41',0,100,100,'nguyenvanauser1@gmail.com',0,'PDX',1,1),(254,250,'nguyenvanauser1@gmail.com','phamnhutoan03041998@gmail.com','test giao viec 2','giao cho bản thân 1 công việc',0,2,0,0,0,0,NULL,NULL,'2021-05-30 07:00:00','2021-05-31 07:00:00',0,NULL,249,'2021-05-30 07:53:39',0,100,50,'nguyenvanauser1@gmail.com',0,'PDX',1,1),(255,250,'nguyenvanauser1@gmail.com','phamnhutoan03041998@gmail.com','test thuộc dự án','giao cho bản thân 1 công việc',1,2,0,0,0,100,'2021-05-30 08:01:41',NULL,'2021-05-30 07:00:00','2021-05-31 07:00:00',0,NULL,249,'2021-05-30 07:55:08',0,100,50,'nguyenvanauser1@gmail.com',0,'PDX',1,1),(256,255,'phamnhutoan03041998@gmail.com','nguyenthic@gmail.com','TASK255-490642-test thuộc dự án','giao cho bản thân 1 công việc',2,2,0,0,0,100,'2021-05-30 08:01:41',NULL,'2021-05-30 07:00:00','2021-05-31 07:00:00',0,NULL,249,'2021-05-30 07:58:24',0,100,100,'nguyenvanauser1@gmail.com',0,'PDX',1,1),(257,257,'nguyenvanauser1@gmail.com',NULL,'demo giao việc','demo giao việc\n',1,1,0,0,0,33,'2021-05-30 08:33:47',NULL,'2021-05-30 08:00:00','2021-06-10 08:00:00',1,NULL,257,'2021-05-30 08:23:04',0,0,0,'nguyenvanauser1@gmail.com',0,'PDX',0,0),(258,257,'nguyenvanauser1@gmail.com','nguyenvanauser1@gmail.com','TASK257-845800-demo giao việc','thử giao việc tạo dự án',2,1,0,0,0,0,'2021-06-07 17:18:21',NULL,'2021-05-30 08:00:00','2021-06-10 08:00:00',0,NULL,257,'2021-05-30 08:32:10',0,100,33.3333,'nguyenvanauser1@gmail.com',0,'PDX',0,1),(259,257,'nguyenvanauser1@gmail.com','phamnhutoan03041998@gmail.com','TASK257-599042-demo giao việc','tạo công việc giao đi',2,1,0,0,0,100,'2021-05-30 08:33:47',NULL,'2021-05-30 08:00:00','2021-06-02 08:00:00',0,NULL,257,'2021-05-30 08:33:01',0,100,33.3333,'nguyenvanauser1@gmail.com',48,'PDX',0,1),(260,260,'phamnhutoan030498@gmail.com',NULL,'kiểm thử admin','1245235',0,1,0,0,0,0,NULL,NULL,'2021-06-07 07:00:00','2021-06-08 07:00:00',1,NULL,260,'2021-06-07 07:42:10',0,0,0,'phamnhutoan030498@gmail.com',0,'',0,0),(261,257,'nguyenvanauser1@gmail.com','phamnhutoan03041998@gmail.com','TASK257-598970-demo giao việc','demo giao việc\n',0,1,0,0,0,0,'2021-06-07 14:02:28',NULL,'2021-05-30 08:00:00','2021-06-10 08:00:00',0,NULL,257,'2021-06-07 13:59:31',0,100,33.3333,'nguyenvanauser1@gmail.com',0,'PDX',0,1),(263,263,'phamnhutoan03041998@gmail.com','phamnhutoan03041998@gmail.com','afasf','sàdasdf',0,1,0,0,0,0,NULL,NULL,'2021-06-07 14:00:00','2021-06-08 14:00:00',2,'',263,'2021-06-07 14:04:02',0,0,0,'phamnhutoan03041998@gmail.com',48,'PDX',1,1),(264,264,'phamnhutoan03041998@gmail.com','phamnhutoan03041998@gmail.com','ádf','ádf',0,1,0,0,0,0,NULL,NULL,'2021-06-07 14:00:00','2021-06-08 14:00:00',2,'',264,'2021-06-07 14:04:29',0,0,0,'phamnhutoan03041998@gmail.com',48,'PDX',1,1),(265,261,'phamnhutoan03041998@gmail.com','nguyenthic@gmail.com','công việc con','demo giao việc\n',0,1,0,0,0,0,NULL,NULL,'2021-05-30 08:00:00','2021-06-10 08:00:00',0,NULL,257,'2021-06-07 14:06:13',0,100,100,'phamnhutoan03041998@gmail.com',0,'PDX',0,1),(266,266,'nguyenvanauser1@gmail.com',NULL,'test làm báo cáo','ádffsdf',1,1,0,0,0,100,'2021-06-07 17:40:09',NULL,'2021-06-07 14:00:00','2021-06-08 14:00:00',1,NULL,266,'2021-06-07 14:30:03',0,0,0,'nguyenvanauser1@gmail.com',0,'PDX',1,0),(267,266,'nguyenvanauser1@gmail.com','phamnhutoan03041998@gmail.com','fsdf','ádffsdf',0,1,0,0,0,0,NULL,NULL,'2021-06-07 14:00:00','2021-06-08 14:00:00',0,NULL,266,'2021-06-07 14:51:22',0,0,0,'nguyenvanauser1@gmail.com',48,'PDX',1,1),(268,266,'nguyenvanauser1@gmail.com','nguyenvanauser1@gmail.com','a ba cd','ádffsdf',1,1,0,0,0,49,'2021-06-07 17:40:09',NULL,'2021-06-07 14:00:00','2021-06-08 14:00:00',0,NULL,266,'2021-06-07 15:24:52',0,0,100,'nguyenvanauser1@gmail.com',0,'PDX',1,1),(269,266,'nguyenvanauser1@gmail.com','nguyenvanauser1@gmail.com','test tạo công việc','mo ta noi dung',0,1,0,0,0,0,NULL,NULL,'2021-06-07 14:00:00','2021-06-08 14:00:00',0,NULL,266,'2021-06-10 01:04:11',0,0,0,'nguyenvanauser1@gmail.com',0,'PDX',1,1),(270,266,'nguyenvanauser1@gmail.com','phamnhutoan03041998@gmail.com','test kiểm thử','ádffsdf',3,1,0,100,0,100,'2021-06-10 01:10:33','2021-06-10 01:31:41','2021-06-07 14:00:00','2021-06-08 14:00:00',0,NULL,266,'2021-06-10 01:09:39',0,100,100,'nguyenvanauser1@gmail.com',0,'PDX',1,1),(271,266,'nguyenvanauser1@gmail.com','nguyenvanauser1@gmail.com','TASK266-223689-test làm báo cáo','ádffsdf',0,1,0,0,0,0,NULL,NULL,'2021-06-07 14:00:00','2021-06-08 14:00:00',0,NULL,266,'2021-06-11 05:50:55',0,0,0,'nguyenvanauser1@gmail.com',0,'PDX',1,1),(272,272,'nguyenvanauser1@gmail.com',NULL,'test báo cáo','báo cáo 124',0,1,0,0,0,0,NULL,NULL,'2021-06-11 06:00:00','2021-06-12 06:00:00',1,NULL,272,'2021-06-11 06:21:37',0,0,0,'nguyenvanauser1@gmail.com',0,'PDX',1,0),(273,272,'nguyenvanauser1@gmail.com','phamnhutoan03041998@gmail.com','TASK272-451577-test báo cáo-tạo công việc con','báo cáo 1243',0,2,0,0,0,0,NULL,NULL,'2021-06-11 06:00:00','2021-06-12 06:00:00',0,NULL,272,'2021-06-11 06:24:15',0,100,50,'nguyenvanauser1@gmail.com',0,'PDX',1,1),(274,272,'nguyenvanauser1@gmail.com','nguyenthic@gmail.com','TASK272-350229-test báo cáo-tạo công việc con 2','báo cáo 124',0,1,0,0,0,0,NULL,NULL,'2021-06-11 06:00:00','2021-06-12 06:00:00',0,NULL,272,'2021-06-11 06:28:17',0,100,50,'nguyenvanauser1@gmail.com',0,'PDX',1,1),(275,275,'phamnhutoan03041998@gmail.com',NULL,'tết2244','dssd',0,1,0,0,0,0,NULL,NULL,'2021-06-11 06:00:00','2021-06-12 06:00:00',1,NULL,275,'2021-06-11 06:36:56',0,0,0,'phamnhutoan03041998@gmail.com',0,'PDX',0,0),(276,265,'nguyenthic@gmail.com','toan@gmail.com','TASK265-250156-công việc con--3','demo giao việc\n',0,1,0,0,0,0,NULL,NULL,'2021-05-30 08:00:00','2021-06-10 08:00:00',0,NULL,257,'2021-06-11 08:03:51',0,100,100,'phamnhutoan03041998@gmail.com',0,'PDX',0,0),(277,277,'nguyenvanauser1@gmail.com',NULL,'test demo lần cuối','test lần cuối\n',0,1,0,0,0,0,'2021-06-11 08:16:47',NULL,'2021-06-11 08:00:00','2021-06-18 08:00:00',1,NULL,277,'2021-06-11 08:13:47',0,0,0,'nguyenvanauser1@gmail.com',0,'PDX',0,0),(278,277,'nguyenvanauser1@gmail.com','phamnhutoan03041998@gmail.com','TASK277-548133-test demo lần cuối- công việc con 1','test lần cuối tạo công việc con\n',0,1,0,0,0,0,'2021-06-11 08:16:47',NULL,'2021-06-11 08:00:00','2021-06-18 08:00:00',0,NULL,277,'2021-06-11 08:15:31',0,0,100,'nguyenvanauser1@gmail.com',0,'PDX',1,1),(279,278,'phamnhutoan03041998@gmail.com','nguyenthic@gmail.com','TASK278-440511-TASK277-548133-test demo lần cuối- công việc con 1 - thêm công việc con','test lần cuối tạo công việc con\n',0,1,0,0,0,0,NULL,NULL,'2021-06-11 08:00:00','2021-06-18 08:00:00',0,NULL,277,'2021-06-11 08:23:12',0,100,100,'nguyenvanauser1@gmail.com',0,'PDX',1,0),(280,280,'nguyenvanauser1@gmail.com',NULL,'demo tạo dự án mới','tạo 1 dự án mới',2,2,0,0,0,100,'2021-06-11 08:38:07',NULL,'2021-06-11 08:00:00','2021-06-19 08:00:00',1,NULL,280,'2021-06-11 08:36:18',0,0,0,'nguyenvanauser1@gmail.com',0,'PDX',0,0),(281,280,'nguyenvanauser1@gmail.com','phamnhutoan03041998@gmail.com','TASK280-675613-demo tạo dự án mới - tạo công việc con 1','tạo 1 dự án mới - tạo công việc con',3,2,0,100,0,100,'2021-06-11 08:41:13','2021-06-11 08:41:31','2021-06-11 08:00:00','2021-06-17 08:00:00',0,NULL,280,'2021-06-11 08:37:30',0,100,100,'nguyenvanauser1@gmail.com',0,'PDX',0,0),(283,283,'phamnhutoan030498@gmail.com',NULL,'abc','ac',0,1,0,0,0,0,NULL,NULL,'2021-07-24 01:00:00','2021-07-25 01:00:00',1,NULL,283,'2021-07-24 01:15:09',0,0,0,'phamnhutoan030498@gmail.com',0,'',1,0),(286,286,'phamnhutoan030498@gmail.com','phamnhutoan030498@gmail.com','abc','acb',0,1,0,0,0,0,NULL,NULL,'2021-07-24 01:00:00','2021-07-25 01:00:00',2,'',286,'2021-07-24 01:15:37',0,0,0,'phamnhutoan030498@gmail.com',24,'',1,1),(298,298,'phamnhutoan030498@gmail.com','phamnhutoan030498@gmail.com','ádf','ádfasd',0,1,0,0,0,0,NULL,NULL,'2021-07-24 01:00:00','2021-07-25 01:00:00',2,'',298,'2021-07-24 01:22:34',0,0,0,'phamnhutoan030498@gmail.com',24,'',1,1),(299,299,'phamnhutoan030498@gmail.com','phamnhutoan030498@gmail.com','ádf','ádfasd',0,1,0,0,0,0,NULL,NULL,'2021-07-24 01:00:00','2021-07-25 01:00:00',2,'',299,'2021-07-24 01:22:36',0,0,0,'phamnhutoan030498@gmail.com',24,'',1,1),(300,300,'phamnhutoan030498@gmail.com','phamnhutoan030498@gmail.com','test','stste',0,1,0,0,0,0,NULL,NULL,'2021-07-24 01:00:00','2021-07-25 01:00:00',2,'',300,'2021-07-24 01:22:48',0,0,0,'phamnhutoan030498@gmail.com',24,'',1,1),(301,301,'phamnhutoan030498@gmail.com','phamnhutoan030498@gmail.com','test','stste',0,1,0,0,0,0,NULL,NULL,'2021-07-24 01:00:00','2021-07-25 01:00:00',2,'',301,'2021-07-24 01:22:50',0,0,0,'phamnhutoan030498@gmail.com',24,'',1,1),(302,302,'phamnhutoan030498@gmail.com','phamnhutoan030498@gmail.com','test','stste',0,1,0,0,0,0,NULL,NULL,'2021-07-24 01:00:00','2021-07-25 01:00:00',2,'',302,'2021-07-24 01:22:52',0,0,0,'phamnhutoan030498@gmail.com',24,'',1,1);
/*!40000 ALTER TABLE `cong_viec` ENABLE KEYS */;
UNLOCK TABLES;

--
-- Table structure for table `cong_viec_clone`
--

DROP TABLE IF EXISTS `cong_viec_clone`;
/*!40101 SET @saved_cs_client     = @@character_set_client */;
/*!50503 SET character_set_client = utf8mb4 */;
CREATE TABLE `cong_viec_clone` (
  `id` int NOT NULL,
  `parent` int DEFAULT NULL,
  `owner` varchar(100) DEFAULT NULL,
  `cong_viec_clonecol` varchar(100) DEFAULT NULL,
  `assigned` varchar(1000) DEFAULT NULL,
  `title` varchar(2000) DEFAULT NULL,
  `description` varchar(2000) DEFAULT NULL,
  `state` int DEFAULT NULL,
  `priority` int DEFAULT NULL,
  `kpi_time` int DEFAULT NULL,
  `kpi_quality` int DEFAULT NULL,
  `progression` int DEFAULT NULL,
  `completion` int DEFAULT NULL,
  `ts` datetime DEFAULT NULL,
  `te` datetime DEFAULT NULL,
  `t_assigned` datetime DEFAULT NULL,
  `deadline` datetime DEFAULT NULL,
  `type` int DEFAULT NULL,
  `problem` varchar(1000) DEFAULT NULL,
  `id_tree` int DEFAULT NULL,
  `t_create` datetime DEFAULT NULL,
  `level` int DEFAULT NULL,
  `weight` float DEFAULT NULL,
  `weight_normalized` float DEFAULT NULL,
  `reviewer` varchar(45) DEFAULT NULL,
  `t_duration` int DEFAULT NULL,
  `child_depart` varchar(45) DEFAULT NULL,
  `reject` int DEFAULT '0',
  `status_noti` int DEFAULT '0',
  `update_time` datetime DEFAULT NULL,
  PRIMARY KEY (`id`)
) ENGINE=InnoDB DEFAULT CHARSET=utf8;
/*!40101 SET character_set_client = @saved_cs_client */;

--
-- Dumping data for table `cong_viec_clone`
--

LOCK TABLES `cong_viec_clone` WRITE;
/*!40000 ALTER TABLE `cong_viec_clone` DISABLE KEYS */;
INSERT INTO `cong_viec_clone` VALUES (169,169,'nguyenvana@gmail.com',NULL,NULL,'Tạo dự án demo - 1','test tạo dự án',2,1,0,0,0,100,'2021-05-11 15:01:30',NULL,'2021-05-11 14:00:00','2021-05-15 14:00:00',1,NULL,169,'2021-05-11 14:52:08',0,0,0,'nguyenvana@gmail.com',0,'PDX',0,0,'2021-05-12 03:55:50'),(170,170,'nguyenvana@gmail.com',NULL,NULL,'Tạo dự án demo - 2','test tạo dự án 2',2,1,0,0,0,89,'2021-05-11 15:52:20',NULL,'2021-05-11 14:00:00','2021-05-23 14:00:00',1,'dgdfg',170,'2021-05-11 14:52:38',0,0,0,'nguyenvana@gmail.com',0,'PDX',0,0,'2021-05-11 18:07:29'),(171,169,'nguyenvana@gmail.com',NULL,'tranvanb@gmail.com','tạo công việc của dự án demo - 1 - congviec1','test tạo công việc',2,1,0,0,0,100,'2021-05-11 15:01:30',NULL,'2021-05-11 14:00:00','2021-05-13 14:00:00',0,'uyhij',169,'2021-05-11 14:56:10',0,50,20,'nguyenvana@gmail.com',0,'PDX',0,1,'2021-05-11 17:59:25'),(177,169,'nguyenvana@gmail.com',NULL,'nguyenthic@gmail.com','test danh gia','test danh gia',2,1,0,0,0,62,'2021-05-11 17:39:36',NULL,'2021-05-11 14:00:00','2021-05-15 14:00:00',0,'lam laji nhe',169,'2021-05-11 17:39:16',0,100,40,'nguyenvana@gmail.com',0,'PDX',0,1,'2021-05-11 18:00:40'),(178,177,'nguyenvana@gmail.com',NULL,'tranvanb@gmail.com','Thử đánh giá','test danh gia',2,1,0,0,0,100,'2021-05-11 18:09:43',NULL,'2021-05-11 14:00:00','2021-05-15 14:00:00',0,NULL,169,'2021-05-11 18:09:09',0,100,100,'nguyenvana@gmail.com',0,'PDX',0,1,'2021-05-11 18:10:11'),(179,177,'nguyenvana@gmail.com',NULL,'tranvanb@gmail.com','Đanh giá 1','test danh gia',2,1,0,0,0,100,'2021-05-11 18:14:02',NULL,'2021-05-11 14:00:00','2021-05-15 14:00:00',0,'gdfg',169,'2021-05-11 18:13:53',0,100,50,'nguyenvana@gmail.com',0,'PDX',0,0,'2021-05-11 18:15:37'),(181,180,'tranvanb@gmail.com',NULL,'nguyenthic@gmail.com','2 test','test tạo dự án 2',2,1,0,0,0,100,'2021-05-11 18:28:15',NULL,'2021-05-11 14:00:00','2021-05-23 14:00:00',0,'sdfgd',170,'2021-05-11 18:27:12',0,100,100,'nguyenvana@gmail.com',0,'PDX',0,1,'2021-05-11 18:28:57'),(182,170,'nguyenvana@gmail.com',NULL,'tranvanb@gmail.com','3 test','test tạo dự án 2',2,1,0,0,0,100,'2021-05-11 18:39:52',NULL,'2021-05-11 14:00:00','2021-05-23 14:00:00',0,NULL,170,'2021-05-11 18:34:46',0,100,37.594,'nguyenvana@gmail.com',0,'PDX',0,0,'2021-05-11 18:40:25'),(193,192,'nguyenvana@gmail.com',NULL,'tranvanb@gmail.com','công việc con 1','thực hiện các luồng trước báo cáo',2,3,0,0,0,100,'2021-05-20 19:42:26',NULL,'2021-05-20 19:00:00','2021-05-21 19:00:00',0,'em làm chưa tốt ở chỗ này',192,'2021-05-20 19:41:23',0,100,100,'nguyenvana@gmail.com',96,'PDX',0,1,'2021-05-20 19:45:50'),(251,249,'nguyenvanauser1@gmail.com',NULL,'phamnhutoan03041998@gmail.com','TASK249-934569-test giao việc','test giao việc',2,3,0,0,0,100,'2021-05-30 07:38:19',NULL,'2021-05-30 07:00:00','2021-05-31 07:00:00',0,NULL,249,'2021-05-30 07:36:05',0,100,50,'nguyenvanauser1@gmail.com',24,'PDX',0,1,'2021-05-30 07:41:53'),(281,280,'nguyenvanauser1@gmail.com',NULL,'phamnhutoan03041998@gmail.com','TASK280-675613-demo tạo dự án mới - tạo công việc con 1','tạo 1 dự án mới - tạo công việc con',2,2,0,0,0,100,'2021-06-11 08:38:07',NULL,'2021-06-11 08:00:00','2021-06-17 08:00:00',0,NULL,280,'2021-06-11 08:37:30',0,100,100,'nguyenvanauser1@gmail.com',0,'PDX',0,0,'2021-06-11 08:40:52');
/*!40000 ALTER TABLE `cong_viec_clone` ENABLE KEYS */;
UNLOCK TABLES;

--
-- Table structure for table `department`
--

DROP TABLE IF EXISTS `department`;
/*!40101 SET @saved_cs_client     = @@character_set_client */;
/*!50503 SET character_set_client = utf8mb4 */;
CREATE TABLE `department` (
  `child_depart` varchar(30) NOT NULL,
  `name_child_depart` varchar(50) DEFAULT NULL,
  PRIMARY KEY (`child_depart`)
) ENGINE=InnoDB DEFAULT CHARSET=utf8;
/*!40101 SET character_set_client = @saved_cs_client */;

--
-- Dumping data for table `department`
--

LOCK TABLES `department` WRITE;
/*!40000 ALTER TABLE `department` DISABLE KEYS */;
INSERT INTO `department` VALUES ('BGD','Ban Giám Đốc'),('PDX','Phòng Chuyển Đổi'),('PHR','Phòng Nhân sự');
/*!40000 ALTER TABLE `department` ENABLE KEYS */;
UNLOCK TABLES;

--
-- Table structure for table `employees_tb`
--

DROP TABLE IF EXISTS `employees_tb`;
/*!40101 SET @saved_cs_client     = @@character_set_client */;
/*!50503 SET character_set_client = utf8mb4 */;
CREATE TABLE `employees_tb` (
  `email` varchar(50) NOT NULL,
  `emp_code` varchar(50) DEFAULT NULL,
  `emp_name` varchar(50) DEFAULT NULL,
  `birthday` date DEFAULT NULL,
  `day` varchar(50) DEFAULT NULL,
  `month` varchar(50) DEFAULT NULL,
  `year` varchar(50) DEFAULT NULL,
  `job_title` varchar(50) DEFAULT NULL,
  `child_depart` varchar(50) DEFAULT NULL,
  `mobile_phone` varchar(50) DEFAULT NULL,
  `mstcn` varchar(50) DEFAULT NULL,
  `dependent_info` varchar(50) DEFAULT NULL,
  `contract_type` varchar(50) DEFAULT NULL,
  `contract_begin` date DEFAULT NULL,
  `contract_end` date DEFAULT NULL,
  `account_number` varchar(50) DEFAULT NULL,
  `type_salary` varchar(50) DEFAULT NULL,
  `sex` varchar(50) DEFAULT NULL,
  `status_working` int DEFAULT NULL,
  `cmnd` varchar(50) DEFAULT NULL,
  `date_join_company` date DEFAULT NULL,
  `date_quit_job` date DEFAULT NULL,
  `update_time` varchar(45) DEFAULT NULL,
  PRIMARY KEY (`email`)
) ENGINE=InnoDB DEFAULT CHARSET=utf8;
/*!40101 SET character_set_client = @saved_cs_client */;

--
-- Dumping data for table `employees_tb`
--

LOCK TABLES `employees_tb` WRITE;
/*!40000 ALTER TABLE `employees_tb` DISABLE KEYS */;
INSERT INTO `employees_tb` VALUES ('admin@gmail.com','0001','Như Toàn','2021-01-01','01','01','2021','Cán bộ lập trình 1','BGD','0125445545','0125412','KHONG CO INFO','khong co contact','2021-01-01','2021-01-01','021452145','100000000','F',NULL,'4626246222','2021-01-01','2028-01-01','2021/01/01'),('nguyenthic@gmail.com','32513','Nguyễn Thị C','2021-01-01','01','01','2021','Cán bộ lập trình 1','PDX','23423523114','84264616','gjsjke','dfgdfh','2021-01-01','2021-01-01','021452145','40000000','M',NULL,'7458358835','2021-01-01','2028-01-01','2021/01/01'),('nguyenvanauser1@gmail.com','12342','Nguyễn Văn A','2021-01-01','03','04','1998','cán bộ tuyển dụng','PDX','0425156615','02472471','ewt','ưet','2021-01-01','2021-01-01','021452145','80000000','m',NULL,'1361361366','2021-01-01','2028-01-01','2021/01/01'),('phamnhutoan03041998@gmail.com','32513','Trần Văn B','2021-01-01','01','01','2021','Cán bộ lập trình 1','PDX','21459689453','12541223','gádggsd','sdgsdgsd','2021-01-01','2021-01-01','021452145','40000000','M',NULL,'0123264426','2021-01-01','2028-01-01','2021/01/01'),('phamnhutoan0304@gmail.com','01234','Phạm Như Toàn','2021-01-01','01','01','2021','Cán bộ lập trình 1','BGD','0123456789','0125412','ưdwq','ưqeqwe','2021-01-01','2021-01-01','021452145','40000000','M',NULL,'1361361361','2021-01-01','2028-01-01','2021/01/01'),('phamnhutoan@gmail.com','01254','Toàn Phạm Như','2021-01-01','01','01','2021','Cán bộ lập trình 1','PHR','0155542885','0125412','ưdwq','ưqeqwe','2021-01-01','2021-01-01','021452145','40000000','M',NULL,'4626246246','2021-01-01','2028-01-01','2021/01/01'),('toan@gmail.com','44444','Toàn Phạm','2021-01-01','01','01','2021','Cán bộ lập trình 1','PDX','21458755558','12541254','ưdwq','ưqeqwe','2021-01-01','2021-01-01','021452145','40000000','M',NULL,'0123644224','2021-01-01','2028-01-01','2021/01/01');
/*!40000 ALTER TABLE `employees_tb` ENABLE KEYS */;
UNLOCK TABLES;

--
-- Table structure for table `level_employees`
--

DROP TABLE IF EXISTS `level_employees`;
/*!40101 SET @saved_cs_client     = @@character_set_client */;
/*!50503 SET character_set_client = utf8mb4 */;
CREATE TABLE `level_employees` (
  `email` varchar(50) NOT NULL,
  `level_task` int DEFAULT '2',
  PRIMARY KEY (`email`)
) ENGINE=InnoDB DEFAULT CHARSET=utf8;
/*!40101 SET character_set_client = @saved_cs_client */;

--
-- Dumping data for table `level_employees`
--

LOCK TABLES `level_employees` WRITE;
/*!40000 ALTER TABLE `level_employees` DISABLE KEYS */;
INSERT INTO `level_employees` VALUES ('admin@gmail.com',0),('nguyenthic@gmail.com',1),('nguyenvanauser1@gmail.com',0),('phamnhutoan03041998@gmail.com',1),('phamnhutoan0304@gmail.com',0),('phamnhutoan@gmail.com',1),('toan@gmail.com',3);
/*!40000 ALTER TABLE `level_employees` ENABLE KEYS */;
UNLOCK TABLES;

--
-- Table structure for table `random_id`
--

DROP TABLE IF EXISTS `random_id`;
/*!40101 SET @saved_cs_client     = @@character_set_client */;
/*!50503 SET character_set_client = utf8mb4 */;
CREATE TABLE `random_id` (
  `id` int NOT NULL AUTO_INCREMENT,
  `status` int DEFAULT '0',
  PRIMARY KEY (`id`)
) ENGINE=InnoDB AUTO_INCREMENT=444 DEFAULT CHARSET=utf8mb4 COLLATE=utf8mb4_0900_ai_ci;
/*!40101 SET character_set_client = @saved_cs_client */;

--
-- Dumping data for table `random_id`
--

LOCK TABLES `random_id` WRITE;
/*!40000 ALTER TABLE `random_id` DISABLE KEYS */;
INSERT INTO `random_id` VALUES (1,1),(2,1),(3,1),(4,1),(5,1),(6,1),(7,1),(8,1),(9,1),(10,1),(11,1),(12,1),(13,1),(14,1),(15,1),(16,1),(17,1),(18,1),(19,1),(20,1),(21,1),(22,1),(23,1),(24,1),(25,1),(26,1),(27,1),(28,1),(29,1),(30,1),(31,1),(32,1),(33,1),(34,1),(35,1),(36,1),(37,1),(38,1),(39,1),(40,1),(41,1),(42,1),(43,1),(44,1),(45,1),(46,1),(47,1),(48,1),(49,1),(50,1),(51,1),(52,1),(53,1),(54,1),(55,1),(56,1),(57,1),(58,1),(59,1),(60,1),(61,1),(62,1),(63,1),(64,1),(65,1),(66,1),(67,1),(68,1),(69,1),(70,1),(71,1),(72,1),(73,1),(74,1),(75,1),(76,1),(77,1),(78,1),(79,1),(80,1),(81,1),(82,1),(83,1),(84,1),(85,1),(86,1),(87,1),(88,1),(89,1),(90,1),(91,1),(92,1),(93,1),(94,1),(95,1),(96,1),(97,1),(98,1),(99,1),(100,1),(101,1),(102,1),(103,1),(104,1),(105,1),(106,1),(107,1),(108,1),(109,1),(110,1),(111,1),(112,1),(113,1),(114,1),(115,1),(116,1),(117,1),(118,1),(119,1),(120,1),(121,1),(122,1),(123,1),(124,1),(125,1),(126,1),(127,1),(128,1),(129,1),(130,1),(131,1),(132,1),(133,1),(134,1),(135,1),(136,1),(137,1),(138,1),(139,1),(140,1),(141,1),(142,1),(143,1),(144,1),(145,1),(146,1),(147,1),(148,1),(149,1),(150,1),(151,1),(152,1),(153,1),(154,1),(155,1),(156,1),(157,1),(158,1),(159,1),(160,1),(161,1),(162,1),(163,1),(164,1),(165,1),(166,1),(167,1),(168,1),(169,1),(170,1),(171,1),(172,1),(173,1),(174,1),(175,1),(176,1),(177,1),(178,1),(179,1),(180,1),(181,1),(182,1),(183,1),(184,1),(185,1),(186,1),(187,1),(188,1),(189,1),(190,1),(191,1),(192,1),(193,1),(194,1),(195,1),(196,1),(197,1),(198,1),(199,1),(200,1),(201,1),(202,1),(203,1),(204,1),(205,1),(206,1),(207,1),(208,1),(209,1),(210,1),(211,1),(212,1),(213,1),(214,1),(215,1),(216,1),(217,1),(218,1),(219,1),(220,1),(221,1),(222,1),(223,1),(224,1),(225,1),(226,1),(227,1),(228,1),(229,1),(230,1),(231,1),(232,1),(233,1),(234,1),(235,1),(236,1),(237,1),(238,1),(239,1),(240,1),(241,1),(242,1),(243,1),(244,1),(245,1),(246,1),(247,1),(248,1),(249,1),(250,1),(251,1),(252,1),(253,1),(254,1),(255,1),(256,1),(257,1),(258,1),(259,1),(260,1),(261,1),(262,1),(263,1),(264,1),(265,1),(266,1),(267,1),(268,1),(269,1),(270,1),(271,1),(272,1),(273,1),(274,1),(275,1),(276,1),(277,1),(278,1),(279,1),(280,1),(281,1),(282,1),(283,1),(284,1),(285,1),(286,1),(287,1),(288,1),(289,1),(290,1),(291,1),(292,1),(293,1),(294,1),(295,1),(296,1),(297,1),(298,1),(299,1),(300,1),(301,1),(302,1),(303,0),(304,0),(305,0),(306,0),(307,0),(308,0),(309,0),(310,0),(311,0),(312,0),(313,0),(314,0),(315,0),(316,0),(317,0),(318,0),(319,0),(320,0),(321,0),(322,0),(323,0),(324,0),(325,0),(326,0),(327,0),(328,0),(329,0),(330,0),(331,0),(332,0),(333,0),(334,0),(335,0),(336,0),(337,0),(338,0),(339,0),(340,0),(341,0),(342,0),(343,0),(344,0),(345,0),(346,0),(347,0),(348,0),(349,0),(350,0),(351,0),(352,0),(353,0),(354,0),(355,0),(356,0),(357,0),(358,0),(359,0),(360,0),(361,0),(362,0),(363,0),(364,0),(365,0),(366,0),(367,0),(368,0),(369,0),(370,0),(371,0),(372,0),(373,0),(374,0),(375,0),(376,0),(377,0),(378,0),(379,0),(380,0),(381,0),(382,0),(383,0),(384,0),(385,0),(386,0),(387,0),(388,0),(389,0),(390,0),(391,0),(392,0),(393,0),(394,0),(395,0),(396,0),(397,0),(398,0),(399,0),(400,0),(401,0),(402,0),(403,0),(404,0),(405,0),(406,0),(407,0),(408,0),(409,0),(410,0),(411,0),(412,0),(413,0),(414,0),(415,0),(416,0),(417,0),(418,0),(419,0),(420,0),(421,0),(422,0),(423,0),(424,0),(425,0),(426,0),(427,0),(428,0),(429,0),(430,0),(431,0),(432,0),(433,0),(434,0),(435,0),(436,0),(437,0),(438,0),(439,0),(440,0),(441,0),(442,0),(443,0);
/*!40000 ALTER TABLE `random_id` ENABLE KEYS */;
UNLOCK TABLES;
/*!40103 SET TIME_ZONE=@OLD_TIME_ZONE */;

/*!40101 SET SQL_MODE=@OLD_SQL_MODE */;
/*!40014 SET FOREIGN_KEY_CHECKS=@OLD_FOREIGN_KEY_CHECKS */;
/*!40014 SET UNIQUE_CHECKS=@OLD_UNIQUE_CHECKS */;
/*!40101 SET CHARACTER_SET_CLIENT=@OLD_CHARACTER_SET_CLIENT */;
/*!40101 SET CHARACTER_SET_RESULTS=@OLD_CHARACTER_SET_RESULTS */;
/*!40101 SET COLLATION_CONNECTION=@OLD_COLLATION_CONNECTION */;
/*!40111 SET SQL_NOTES=@OLD_SQL_NOTES */;

-- Dump completed on 2021-07-24 10:18:22
